time,lux
0.053,2.26
0.158,2.26
0.256,2.26
0.367,2.26
0.464,2.26
0.564,2.26
0.664,2.26
0.764,2.26
0.865,2.26
0.964,2.26
1.066,2.26
1.165,2.26
1.266,2.26
1.367,2.26
1.465,2.26
1.565,2.26
1.665,2.26
1.759,2.26
1.865,2.26
1.965,2.26
2.065,2.89
2.166,4.76
2.266,5.28
2.365,5.46
2.465,6.03
2.566,7.01
2.665,7.68
2.766,7.91
2.864,7.91
2.964,8.51
3.065,7.91
3.166,7.50
3.265,7.50
3.361,7.50
3.465,7.50
3.562,6.94
3.661,6.67
3.761,6.67
3.853,6.94
3.961,7.50
4.060,6.94
4.161,6.94
4.261,6.94
4.361,6.94
4.461,7.50
4.553,7.50
4.656,7.50
4.761,6.94
4.860,7.50
4.957,7.50
5.062,7.50
5.161,6.94
5.261,7.50
5.361,7.50
5.459,6.94
5.561,6.84
5.660,5.97
5.761,4.58
5.860,3.25
5.960,3.19
6.061,3.36
6.161,3.36
6.260,3.36
6.361,3.36
6.461,3.36
6.562,3.36
6.660,3.89
6.764,3.70
6.858,3.89
6.960,3.89
7.057,3.70
7.160,3.70
7.259,3.89
7.360,3.46
7.459,3.46
7.560,3.53
7.660,3.53
7.760,3.89
7.860,3.53
7.961,3.53
8.059,3.53
8.163,3.53
8.260,3.53
8.361,3.53
8.461,3.53
8.560,3.53
8.660,3.96
8.759,4.03
8.860,4.03
8.961,4.03
9.059,4.03
9.156,4.23
9.255,4.63
9.360,4.23
9.458,4.23
9.560,4.23
9.659,4.03
9.761,4.23
9.859,4.03
9.959,4.03
10.063,4.03
10.165,4.03
10.257,3.46
10.361,2.63
10.465,3.08
10.564,3.14
10.663,3.31
10.764,3.65
10.857,3.31
10.960,3.31
11.060,3.31
11.159,3.14
11.253,3.14
11.360,3.08
11.464,3.08
11.560,3.08
11.659,3.08
11.762,3.14
11.859,3.14
11.958,3.14
12.060,3.14
12.158,3.14
12.258,3.14
12.356,3.14
12.459,3.14
12.558,3.14
12.658,3.65
12.759,3.65
12.853,3.65
12.958,3.65
13.057,3.65
13.159,3.65
13.258,3.65
13.355,3.65
13.461,3.08
13.559,2.63
13.656,2.58
13.760,2.58
13.859,2.58
13.960,2.58
14.058,2.58
14.160,2.44
14.257,2.18
14.362,2.18
14.456,2.18
14.559,2.18
14.658,2.44
14.759,2.44
14.859,2.44
14.959,2.44
15.058,2.44
15.158,2.18
15.258,2.18
15.360,2.18
15.458,2.18
15.558,2.44
15.657,2.58
15.764,3.14
15.862,3.14
15.963,3.14
16.062,3.47
16.161,3.65
16.262,3.65
16.362,3.65
16.463,3.65
16.556,3.65
16.663,3.65
16.763,3.65
16.862,3.65
16.963,3.65
17.063,3.31
17.163,3.54
17.261,2.54
17.361,2.02
17.462,1.54
17.563,1.54
17.661,1.75
17.762,1.68
17.862,1.68
17.963,1.68
18.062,1.44
18.157,1.44
18.254,1.44
18.359,1.44
18.458,1.44
18.557,1.44
18.658,1.35
18.758,1.35
18.857,1.35
18.958,1.35
19.058,1.35
19.157,1.35
19.257,1.35
19.357,1.35
19.459,1.35
19.557,1.35
19.657,1.35
19.757,1.35
19.857,1.35
19.959,1.35
20.057,1.35
20.159,1.35
20.258,1.35
20.357,1.35
20.458,1.35
20.560,1.35
20.657,1.35
20.760,1.35
20.857,1.35
20.958,1.35
21.058,1.35
21.157,1.35
21.262,1.35
21.354,1.35
21.463,1.35
21.562,1.35
21.661,1.35
21.761,1.35
21.862,1.35
21.960,1.35
22.062,1.35
22.162,1.44
22.261,1.44
22.362,1.54
22.456,1.54
22.556,1.98
22.658,2.49
22.756,2.92
22.857,3.14
22.956,3.14
23.057,3.14
23.156,3.14
23.258,3.65
23.356,3.65
23.458,3.65
23.557,3.65
23.656,3.65
23.756,3.65
23.858,3.65
23.957,3.31
24.056,4.78
24.155,5.53
24.255,4.57
24.355,3.90
24.456,3.72
24.556,3.72
24.655,3.72
24.758,3.14
24.856,3.14
24.956,2.98
25.056,2.98
25.157,2.98
25.258,2.98
25.359,2.98
25.458,2.98
25.550,2.98
25.657,2.98
25.757,2.98
25.857,2.98
25.956,2.98
26.056,2.98
26.157,2.98
26.256,2.98
26.355,2.98
26.455,2.98
26.556,2.98
26.656,3.04
26.755,2.98
26.855,3.04
26.957,2.98
27.055,3.04
27.157,2.98
27.251,3.21
27.358,3.54
27.455,3.72
27.555,4.36
27.656,5.30
27.759,6.27
27.856,5.44
27.956,3.90
28.055,3.83
28.156,3.90
28.254,4.28
28.354,4.28
28.456,4.28
28.557,4.28
28.655,4.49
28.755,4.49
28.856,4.49
28.957,4.49
29.056,4.49
29.157,4.49
29.261,4.49
29.361,4.28
29.461,4.28
29.561,3.83
29.660,4.09
29.759,4.09
29.860,3.48
29.959,2.93
30.059,3.24
30.159,2.93
30.259,2.78
30.354,2.93
30.461,3.24
30.558,3.24
30.659,3.24
30.760,3.24
30.859,3.24
30.954,3.24
31.055,3.24
31.155,3.24
31.255,3.24
31.357,3.24
31.456,3.24
31.556,3.24
31.655,3.24
31.758,3.24
31.855,3.31
31.953,3.65
32.055,5.53
32.156,9.01
32.256,9.13
32.356,9.80
32.455,8.81
32.556,9.80
32.655,10.29
32.756,14.32
32.856,16.16
32.955,16.65
33.057,17.15
33.157,16.96
33.255,16.46
33.357,17.96
33.458,17.96
33.556,17.96
33.657,17.96
33.757,17.96
33.861,17.96
33.960,17.96
34.060,17.96
34.160,17.96
34.261,17.96
34.361,17.96
34.462,17.96
34.560,17.96
34.660,17.96
34.760,17.96
34.861,17.96
34.960,17.96
35.060,17.96
35.161,17.76
35.260,17.76
35.360,17.96
35.460,17.96
35.560,17.96
35.660,17.96
35.762,17.96
35.855,17.96
35.956,17.96
36.056,17.96
36.162,17.96
36.253,17.76
36.362,17.76
36.461,17.76
36.560,17.76
36.649,17.76
36.761,17.76
36.861,17.76
36.961,17.76
37.060,17.76
37.160,17.76
37.262,17.76
37.359,17.76
37.460,17.76
37.559,17.76
37.661,17.76
37.760,17.76
37.860,17.76
37.959,17.96
38.059,17.96
38.163,18.48
38.260,17.96
38.359,17.96
38.459,17.96
38.559,17.96
38.659,46.84
38.762,42.49
38.859,21.02
38.959,29.20
39.061,19.91
39.158,17.27
39.260,17.78
39.349,18.81
39.459,18.81
39.559,18.81
39.659,18.81
39.750,18.81
39.859,18.81
39.956,18.81
40.056,18.28
40.156,18.28
40.256,18.28
40.356,18.28
40.456,18.28
40.556,17.96
40.656,17.96
40.756,17.96
40.856,17.96
40.956,17.96
41.055,17.96
41.156,17.76
41.255,17.76
41.356,17.76
41.456,17.96
41.556,17.96
41.657,17.76
41.755,17.96
41.856,17.96
41.956,17.96
42.056,17.96
42.156,17.96
42.256,17.96
42.356,17.96
42.456,17.96
42.554,17.96
42.655,17.96
42.756,47.96
42.856,38.07
42.955,31.38
43.056,16.77
43.157,16.77
43.252,16.77
43.356,17.27
43.454,17.27
43.549,18.28
43.654,18.48
43.754,18.48
43.855,18.48
43.956,18.48
44.055,18.48
44.153,18.48
44.256,18.48
44.354,18.48
44.455,18.48
44.555,18.48
44.653,18.48
44.755,18.48
44.855,18.48
44.954,18.48
45.055,17.96
45.154,17.96
45.255,18.48
45.355,17.96
45.456,17.96
45.554,17.96
45.656,17.96
45.755,17.96
45.855,17.96
45.955,17.96
46.054,17.96
46.154,17.96
46.256,17.96
46.355,17.96
46.454,17.96
46.556,17.96
46.656,17.96
46.756,17.96
46.856,17.96
46.954,17.96
47.055,17.96
47.154,17.96
47.254,17.96
47.354,30.46
47.454,21.46
47.553,16.77
47.654,19.02
47.755,19.02
47.854,19.02
47.955,19.02
48.055,19.02
48.154,19.02
48.253,19.02
48.355,19.02
48.455,19.02
48.555,19.02
48.652,19.02
48.755,19.02
48.854,19.02
48.954,19.02
49.053,19.02
49.154,17.46
49.254,16.77
49.353,16.96
49.453,17.46
49.548,17.46
49.655,17.46
49.754,19.02
49.853,17.96
49.954,17.96
50.055,17.96
50.154,17.96
50.253,17.96
50.355,17.96
50.453,20.31
50.554,20.88
50.653,23.48
50.754,29.48
50.854,35.47
50.959,33.59
51.050,35.89
51.153,39.47
51.254,40.91
51.346,38.30
51.455,34.68
51.553,35.18
51.653,29.84
51.752,29.56
51.852,24.82
51.952,33.60
52.057,36.00
52.154,37.03
52.257,40.16
52.352,41.06
52.454,43.79
52.555,49.61
52.657,50.24
52.756,67.71
52.857,78.51
52.957,79.04
53.056,61.65
53.158,70.70
53.256,81.48
53.358,87.25
53.457,78.66
53.547,82.02
53.659,93.89
53.756,102.84
53.856,118.42
53.956,127.72
54.057,125.81
54.157,100.17
54.258,132.89
54.358,124.05
54.457,124.05
54.558,129.72
54.656,165.28
54.757,139.60
54.856,180.10
54.956,179.18
55.055,172.13
55.157,193.83
55.250,156.40
55.352,211.95
55.459,196.38
55.557,191.31
55.656,192.27
55.757,189.76
55.858,193.23
55.957,168.37
56.057,238.03
56.157,243.79
56.257,214.66
56.357,234.03
56.456,206.71
56.557,228.32
56.653,222.81
56.757,204.07
56.857,243.68
56.956,236.92
57.056,163.01
57.155,231.17
57.251,215.70
57.358,218.33
57.457,247.47
57.556,231.27
57.656,224.54
57.757,242.67
57.855,242.67
57.958,230.49
58.055,266.79
58.156,248.61
58.255,235.13
58.354,236.82
58.456,239.73
58.553,250.79
58.654,279.01
58.756,259.83
58.854,225.71
58.954,245.52
59.055,240.85
59.155,240.15
59.255,199.94
59.356,258.77
59.454,222.91
59.554,260.56
59.655,236.92
59.754,252.66
59.855,266.79
59.954,251.94
60.053,274.23
60.155,217.39
60.254,225.61
60.355,200.56
60.455,214.66
60.553,227.76
60.654,260.68
60.754,209.27
60.853,220.04
60.953,222.81
61.053,220.14
61.153,225.61
61.254,225.61
61.355,205.07
61.453,233.35
61.553,217.39
61.652,208.35
61.753,212.05
61.853,198.96
61.951,209.37
62.053,206.71
62.153,213.62
62.253,231.17
62.353,217.39
62.452,213.62
62.552,203.07
62.653,186.41
62.752,188.89
62.853,206.71
62.952,209.37
63.051,191.40
63.152,170.69
63.252,196.38
63.354,160.76
63.451,235.13
63.553,152.86
63.651,146.53
63.752,163.79
63.852,188.30
63.951,224.94
64.051,199.94
64.153,148.65
64.252,179.18
64.352,215.70
64.450,187.35
64.553,170.69
64.650,177.69
64.751,232.26
64.851,189.85
64.950,152.86
65.051,182.44
65.151,132.42
65.245,160.76
65.347,162.47
65.446,169.25
65.547,187.35
65.646,184.04
65.746,149.97
65.846,158.53
65.946,137.57
66.046,161.61
66.152,150.79
66.252,182.53
66.350,169.80
66.449,149.97
66.550,172.13
66.650,174.40
66.751,153.38
66.850,181.60
66.950,167.57
67.049,177.69
67.150,122.96
67.249,155.04
67.350,158.61
67.449,177.78
67.550,145.73
67.649,191.40
67.750,165.28
67.850,158.61
67.949,181.60
68.049,165.28
68.150,147.84
68.249,157.24
68.349,168.37
68.449,154.21
68.548,169.80
68.649,189.85
68.749,202.45
68.848,187.35
68.948,199.94
69.050,194.90
69.148,187.35
69.250,173.03
69.348,141.65
69.448,164.74
69.548,144.44
69.649,170.69
69.749,185.82
69.848,155.88
69.949,158.08
70.048,158.08
70.147,155.04
70.247,153.69
70.348,116.30
70.448,166.94
70.548,119.95
70.648,139.12
70.748,139.12
70.848,178.61
70.948,155.88
71.048,162.47
71.147,160.31
71.248,119.25
71.346,173.93
71.446,164.74
71.546,105.28
71.647,136.32
71.747,203.54
71.847,153.69
71.947,153.77
72.046,100.97
72.147,192.27
72.246,138.34
72.344,143.15
72.446,185.82
72.546,201.83
72.646,158.08
72.746,166.15
72.845,206.08
72.945,205.07
73.045,190.80
73.144,201.83
73.244,160.22
73.344,181.02
73.444,176.30
73.544,149.46
73.642,171.58
73.744,147.34
73.844,171.58
73.944,121.02
74.044,193.23
74.143,153.69
74.243,141.16
74.344,195.78
74.443,144.44
74.542,187.35
74.643,153.69
74.744,137.09
74.843,171.58
74.943,176.21
75.043,173.93
75.143,173.03
75.243,149.46
75.341,141.16
75.443,148.65
75.543,161.61
75.643,147.34
75.743,145.23
75.843,162.47
75.942,173.93
76.042,171.58
76.143,158.08
76.243,173.93
76.343,195.78
76.442,164.74
76.543,176.21
76.642,169.25
76.742,145.23
76.842,135.09
76.943,149.38
77.042,169.25
77.143,160.22
77.243,176.21
77.343,185.82
77.442,166.15
77.538,180.10
77.638,173.84
77.738,155.88
77.838,162.47
77.938,174.83
78.038,163.33
78.143,146.03
78.242,183.37
78.342,151.53
78.442,87.00
78.542,195.17
78.642,129.33
78.737,181.95
78.837,137.09
78.938,135.16
79.037,133.93
79.137,163.33
79.237,135.92
79.337,226.01
79.437,128.52
79.537,158.00
79.637,153.69
79.737,158.08
79.837,119.95
79.936,158.85
80.037,139.89
80.137,221.49
80.237,124.32
80.337,234.45
80.436,112.79
80.536,167.82
80.635,158.00
80.734,116.30
80.831,173.84
80.928,170.69
81.031,112.12
81.131,171.58
81.230,147.34
81.326,152.86
81.430,148.65
81.526,132.42
81.628,130.53
81.730,141.16
81.827,89.44
81.928,222.15
82.028,126.67
82.127,115.61
82.227,118.11
82.327,137.09
82.427,139.12
82.528,162.47
82.628,161.61
82.727,144.44
82.827,117.42
82.927,198.34
83.027,180.10
83.127,125.94
83.227,140.38
83.327,134.40
83.427,112.12
83.527,112.79
83.627,239.14
83.727,161.61
83.830,110.36
83.927,116.30
84.027,168.37
84.127,170.69
84.227,187.35
84.328,163.01
84.427,155.04
84.527,161.61
84.628,145.73
84.727,148.65
84.827,140.38
84.927,108.69
85.027,142.44
85.127,158.08
85.227,137.09
85.327,169.25
85.427,192.27
85.527,105.28
85.627,145.23
85.727,148.65
85.827,163.87
85.926,148.65
86.027,159.46
86.127,120.39
86.227,160.76
86.327,129.79
86.427,144.51
86.527,145.73
86.627,119.25
86.727,187.35
86.829,112.12
86.927,163.87
87.027,180.10
87.127,152.86
87.226,218.43
87.327,166.07
87.426,144.44
87.527,155.04
87.627,163.87
87.727,154.21
87.827,170.69
87.927,152.86
88.027,149.97
88.126,196.38
88.227,176.78
88.326,165.28
88.427,165.28
88.527,172.13
88.627,165.28
88.726,140.38
88.826,146.53
88.926,148.65
89.026,170.69
89.126,180.10
89.227,175.39
89.326,140.38
89.426,144.44
89.527,118.55
89.626,155.04
89.726,161.61
89.827,176.78
89.926,173.03
90.027,186.41
90.126,195.78
90.227,144.44
90.326,202.45
90.426,159.46
90.526,177.69
90.627,157.24
90.726,186.41
90.826,179.18
90.926,146.53
91.026,142.44
91.126,170.69
91.226,163.01
91.327,116.73
91.426,173.03
91.526,150.79
91.626,150.79
91.726,139.60
91.826,192.36
91.926,166.15
92.026,170.69
92.127,152.04
92.226,131.67
92.326,161.61
92.426,118.55
92.526,124.77
92.626,162.47
92.726,136.32
92.826,137.09
92.926,161.61
93.025,140.38
93.126,159.37
93.225,154.21
93.324,148.65
93.426,134.33
93.526,120.39
93.626,184.88
93.724,135.56
93.826,132.42
93.926,144.44
94.026,168.37
94.126,149.89
94.226,149.97
94.326,136.40
94.426,152.86
94.526,176.78
94.626,155.04
94.726,154.21
94.826,162.15
94.926,165.28
95.026,169.80
95.126,180.67
95.226,179.18
95.326,165.28
95.426,163.87
95.526,137.57
95.626,134.40
95.726,157.24
95.826,169.80
95.926,143.72
96.026,173.03
96.126,148.65
96.226,150.79
96.325,173.03
96.425,163.01
96.526,154.21
96.625,159.46
96.726,150.79
96.826,128.59
96.926,180.10
97.026,159.46
97.126,124.05
97.224,138.34
97.323,119.25
97.424,177.69
97.524,196.38
97.625,174.49
97.725,189.85
97.825,202.45
97.925,163.87
98.024,215.70
98.126,162.15
98.225,187.35
98.326,183.95
98.425,189.85
98.526,198.96
98.625,197.36
98.726,173.03
98.826,154.21
98.925,172.13
99.025,160.76
99.125,181.60
99.226,172.13
99.324,149.97
99.425,147.84
99.525,150.79
99.625,166.15
99.725,166.15
99.825,138.42
99.925,140.38
100.025,187.35
100.125,160.76
100.225,124.05
100.326,142.36
100.428,149.46
100.525,109.35
100.627,147.34
100.728,169.25
100.828,178.61
100.928,170.69
101.028,124.77
101.128,130.46
101.228,160.22
101.328,161.61
101.428,130.46
101.528,135.16
101.628,155.88
101.728,164.74
101.828,177.69
101.928,192.27
102.028,170.69
102.128,143.72
102.228,157.24
102.326,166.15
102.425,163.87
102.525,156.40
102.632,165.28
102.732,152.94
102.830,148.65
102.927,157.16
103.025,170.69
103.125,159.37
103.229,157.24
103.332,150.79
103.428,150.79
103.528,157.24
103.628,137.57
103.727,139.60
103.826,138.34
103.925,157.16
104.028,112.12
104.127,119.95
104.227,130.46
104.327,161.61
104.425,134.40
104.525,145.23
104.625,112.12
104.725,141.16
104.825,173.93
104.925,161.61
105.025,170.69
105.125,165.19
105.225,124.77
105.328,134.40
105.426,95.58
105.526,105.28
105.624,138.34
105.725,144.44
105.825,188.30
105.924,119.25
106.025,179.52
106.125,178.61
106.227,126.67
106.327,158.08
106.426,167.03
106.527,142.44
106.627,150.79
106.727,142.44
106.827,148.65
106.927,152.04
107.027,155.04
107.127,139.60
107.227,177.69
107.327,214.01
107.427,131.67
107.527,157.24
107.627,119.25
107.725,187.35
107.825,155.04
107.924,163.87
108.027,161.61
108.124,167.49
108.224,198.96
108.324,163.01
108.423,176.78
108.524,145.73
108.625,160.76
108.724,183.95
108.824,180.67
108.924,164.41
109.024,164.41
109.125,171.24
109.231,171.24
109.330,171.24
109.425,174.49
109.523,165.28
109.623,165.28
109.722,165.28
109.822,156.40
109.923,163.01
110.025,169.80
110.122,165.28
110.223,169.80
110.324,165.28
110.426,156.40
110.528,157.24
110.632,152.12
110.726,158.61
110.826,156.40
110.927,191.40
111.026,158.61
111.132,172.13
111.232,154.21
111.327,127.86
111.432,155.04
111.532,154.21
111.632,120.39
111.730,152.04
111.828,184.04
111.926,125.94
112.027,126.67
112.127,205.07
112.226,154.21
112.332,111.45
112.432,144.44
112.532,187.45
112.626,143.64
112.727,160.76
112.826,158.61
112.926,143.72
113.032,163.01
113.126,147.84
113.226,154.21
113.327,152.04
113.427,167.49
113.526,137.57
113.629,132.42
113.728,189.85
113.831,133.64
113.932,155.04
114.031,157.24
114.128,145.73
114.226,186.41
114.326,145.73
114.429,135.56
114.526,140.38
114.626,124.77
114.726,187.35
114.826,158.08
114.926,139.60
115.026,139.60
115.123,126.67
115.224,186.41
115.323,156.40
115.423,165.28
115.526,165.28
115.626,156.40
115.726,163.01
115.825,179.18
115.925,154.21
116.023,122.24
116.124,173.03
116.223,137.64
116.323,118.55
116.423,136.32
116.523,166.15
116.623,148.65
116.723,180.10
116.823,160.76
116.924,142.44
117.024,223.87
117.126,157.24
117.225,152.12
117.325,173.03
117.425,176.78
117.526,162.15
117.626,101.37
117.725,226.68
117.825,125.94
117.925,148.65
118.022,121.09
118.123,132.42
118.223,163.87
118.323,149.97
118.422,173.03
118.522,176.78
118.622,135.63
118.723,126.67
118.823,170.69
118.922,131.67
119.023,150.79
119.123,139.60
119.223,180.10
119.323,166.15
119.422,150.79
119.523,149.89
119.622,145.73
119.723,184.88
119.823,113.21
119.922,139.60
120.022,166.15
120.122,119.25
120.222,172.13
120.321,152.94
120.422,172.13
120.523,169.80
120.622,217.39
120.722,176.78
120.822,158.61
120.925,140.38
121.025,152.94
121.125,155.04
121.226,161.61
121.325,120.39
121.423,197.36
121.523,121.09
121.622,161.61
121.722,155.04
121.823,147.34
121.920,155.88
122.022,157.24
122.122,132.42
122.222,124.05
122.322,134.40
122.422,185.82
122.525,153.69
122.621,132.42
122.721,134.40
122.822,157.24
122.922,143.23
123.022,140.38
123.122,151.61
123.221,135.16
123.321,161.61
123.420,138.42
123.522,166.07
123.622,189.94
123.724,148.65
123.821,128.59
123.922,161.69
124.021,148.65
124.122,155.04
124.221,138.34
124.321,166.07
124.422,134.40
124.522,155.04
124.621,172.13
124.722,165.28
124.822,149.97
124.922,152.86
125.021,170.69
125.121,157.24
125.221,198.34
125.322,166.15
125.421,150.79
125.521,189.85
125.621,139.60
125.721,163.87
125.821,169.80
125.921,173.03
126.021,140.38
126.121,175.39
126.221,193.83
126.321,159.46
126.420,153.69
126.521,177.69
126.621,202.45
126.721,158.61
126.821,163.87
126.921,150.79
127.021,165.28
127.121,149.97
127.221,182.44
127.320,158.61
127.421,157.24
127.521,146.53
127.621,163.87
127.721,168.45
127.824,166.15
127.921,157.24
128.021,140.38
128.121,136.32
128.221,122.89
128.324,129.33
128.421,206.08
128.524,193.33
128.621,153.69
128.723,131.21
128.821,125.49
128.921,178.61
129.021,185.82
129.121,164.65
129.221,188.30
129.320,187.35
129.423,157.16
129.523,176.21
129.620,138.34
129.720,163.87
129.823,168.45
129.920,143.72
130.020,166.15
130.121,157.24
130.220,124.77
130.321,173.93
130.420,122.17
130.520,150.79
130.620,145.31
130.720,130.53
130.823,162.47
130.920,125.56
131.020,127.40
131.120,162.47
131.223,145.23
131.320,191.76
131.420,128.52
131.520,113.89
131.620,143.23
131.723,112.12
131.820,106.98
131.920,108.69
132.020,147.34
132.120,162.47
132.220,158.00
132.320,152.86
132.418,164.74
132.520,134.40
132.620,162.47
132.720,138.34
132.820,164.74
132.920,157.24
133.020,166.15
133.120,152.86
133.220,137.09
133.320,160.22
133.420,111.03
133.523,154.52
133.618,153.69
133.722,141.16
133.821,139.12
133.918,118.11
134.018,181.02
134.118,112.12
134.220,139.12
134.320,190.71
134.420,184.88
134.519,140.38
134.622,164.74
134.723,149.46
134.822,141.16
134.922,178.61
135.022,152.86
135.122,189.85
135.222,159.37
135.322,158.00
135.421,169.25
135.522,177.69
135.622,127.40
135.722,251.94
135.822,169.25
135.922,153.77
136.022,113.89
136.122,144.44
136.222,195.78
136.322,185.91
136.422,155.12
136.522,140.38
136.622,170.69
136.722,184.88
136.822,137.17
136.922,174.74
137.022,211.31
137.122,144.51
137.222,184.88
137.322,187.35
137.422,184.88
137.522,178.61
137.622,160.22
137.722,200.84
137.822,166.07
137.922,193.23
138.022,190.71
138.122,191.67
138.222,224.94
138.322,184.88
138.421,161.61
138.522,202.45
138.622,163.87
138.722,110.36
138.822,167.03
138.922,145.23
139.022,155.96
139.122,181.02
139.222,166.15
139.321,141.16
139.422,151.53
139.522,167.90
139.622,108.63
139.722,219.38
139.822,187.35
139.922,188.30
140.022,136.40
140.122,201.83
140.222,239.03
140.322,226.01
140.422,164.74
140.522,140.38
140.622,153.69
140.722,147.34
140.822,195.78
140.922,176.21
141.021,178.61
141.122,205.07
141.222,222.15
141.321,188.30
141.421,195.78
141.522,137.17
141.622,166.07
141.722,167.03
141.821,173.84
141.922,201.83
142.022,223.21
142.121,208.73
142.222,163.87
142.322,164.74
142.422,122.89
142.521,166.94
142.621,138.34
142.721,123.60
142.819,163.33
142.922,178.61
143.021,171.66
143.121,129.33
143.221,144.44
143.321,152.86
143.421,178.61
143.521,144.44
143.621,87.93
143.719,212.34
143.819,176.30
143.919,196.75
144.019,121.09
144.119,122.89
144.219,145.23
144.319,173.93
144.418,160.22
144.522,137.09
144.622,129.26
144.721,173.84
144.821,121.73
144.921,151.53
145.021,177.12
145.121,185.91
145.221,178.61
145.321,191.67
145.422,194.80
145.521,180.10
145.621,130.46
145.719,161.61
145.820,171.58
145.920,200.93
146.020,205.07
146.120,161.69
146.222,176.30
146.321,113.89
146.421,112.12
146.521,164.74
146.621,118.11
146.722,127.40
146.821,147.34
146.921,111.09
147.021,149.46
147.122,163.87
147.221,194.80
147.321,182.53
147.420,164.74
147.518,185.82
147.619,198.34
147.719,169.25
147.819,135.16
147.917,149.46
148.018,166.07
148.118,173.84
148.219,159.46
148.318,139.19
148.419,143.15
148.519,153.69
148.619,129.26
148.719,217.78
148.819,197.36
148.918,176.21
149.018,133.17
149.120,193.23
149.218,111.03
149.318,200.93
149.418,195.78
149.518,173.93
149.618,164.65
149.719,219.48
149.818,166.94
149.918,149.46
150.018,184.88
150.117,211.31
150.218,173.93
150.316,166.15
150.418,110.43
150.518,171.58
150.618,171.58
150.718,126.67
150.818,147.34
150.918,99.34
151.018,209.75
151.118,137.09
151.218,171.58
151.318,133.17
151.418,118.11
151.518,124.77
151.618,164.65
151.718,207.09
151.818,185.82
151.918,130.46
152.018,148.65
152.117,203.45
152.217,132.42
152.317,162.55
152.417,131.21
152.518,160.22
152.618,180.93
152.718,144.44
152.818,169.25
152.917,132.42
153.017,141.16
153.120,137.09
153.217,198.25
153.317,116.30
153.416,111.03
153.517,111.03
153.617,125.49
153.717,185.82
153.817,181.02
153.918,95.58
154.016,145.23
154.117,123.60
154.217,151.53
154.317,244.22
154.417,167.03
154.517,170.69
154.617,168.37
154.717,163.79
154.818,185.82
154.917,181.02
155.018,181.02
155.118,190.80
155.217,162.47
155.317,158.08
155.417,124.77
155.518,181.02
155.617,222.15
155.717,178.61
155.817,200.93
155.919,155.04
156.017,126.67
156.120,155.88
156.219,215.05
156.320,193.33
156.419,142.44
156.516,161.61
156.617,175.31
156.717,146.53
156.817,139.12
156.916,123.60
157.020,193.23
157.117,164.74
157.217,119.95
157.317,123.67
157.417,185.82
157.517,208.64
157.616,219.38
157.718,188.30
157.818,188.30
157.918,204.45
158.015,149.46
158.118,189.76
158.218,188.89
158.318,202.45
158.418,151.53
158.518,214.01
158.617,196.66
158.715,181.02
158.815,176.21
158.915,214.01
159.015,208.73
159.117,158.08
159.216,236.23
159.317,212.98
159.416,173.03
159.520,172.94
159.619,159.37
159.716,134.40
159.817,157.24
159.919,162.47
160.019,148.57
160.119,142.44
160.219,146.53
160.316,208.73
160.416,176.30
160.516,180.10
160.616,180.10
160.717,159.37
160.816,152.86
160.916,161.61
161.016,142.36
161.120,138.34
161.219,152.86
161.319,142.44
161.419,198.34
161.519,203.45
161.619,198.34
161.719,163.87
161.816,144.51
161.919,142.36
162.019,130.46
162.119,147.34
162.219,183.46
162.319,171.58
162.419,158.61
162.519,166.07
162.619,193.23
162.719,185.82
162.819,162.47
162.919,222.15
163.019,153.69
163.119,200.93
163.219,206.08
163.319,216.74
163.419,154.21
163.516,173.03
163.617,155.04
163.716,195.78
163.816,203.45
163.917,187.35
164.016,169.80
164.117,221.09
164.216,140.38
164.316,176.21
164.416,192.27
164.516,138.42
164.616,161.61
164.717,180.10
164.816,202.45
164.916,211.31
165.016,144.44
165.116,128.59
165.219,163.87
165.318,143.23
165.414,113.89
165.516,198.34
165.615,206.08
165.716,144.51
165.816,171.58
165.916,138.34
166.015,131.21
166.116,139.89
166.216,131.21
166.316,117.42
166.416,185.82
166.516,199.23
166.616,184.97
166.716,171.58
166.816,158.08
166.915,159.37
167.016,163.79
167.116,227.65
167.215,144.44
167.316,130.46
167.416,147.34
167.516,178.61
167.615,166.15
167.715,152.86
167.815,144.44
167.916,170.69
168.015,139.19
168.115,155.04
168.215,163.87
168.316,134.40
168.417,198.34
168.515,121.80
168.615,144.44
168.715,122.89
168.815,171.58
168.915,118.11
169.015,137.86
169.115,209.75
169.215,117.42
169.315,195.78
169.415,117.42
169.515,155.88
169.615,188.30
169.713,185.91
169.813,126.67
169.914,155.04
170.013,124.77
170.113,147.34
170.213,137.17
170.313,140.38
170.415,136.32
170.515,147.34
170.615,155.88
170.715,138.34
170.815,167.03
170.915,100.35
171.015,121.73
171.115,176.30
171.215,193.23
171.315,198.34
171.414,240.15
171.515,173.93
171.615,166.07
171.715,152.86
171.815,187.35
171.915,152.86
172.014,164.65
172.115,193.23
172.214,217.68
172.315,188.30
172.415,222.15
172.515,193.23
172.615,180.93
172.715,227.76
172.815,223.87
172.915,194.80
173.015,179.18
173.118,218.33
173.215,181.60
173.315,159.46
173.415,194.80
173.515,144.51
173.615,179.18
173.715,150.79
173.814,197.36
173.915,113.89
174.015,170.69
174.114,179.18
174.215,199.94
174.315,175.39
174.414,116.73
174.518,159.37
174.614,194.80
174.714,193.23
174.814,204.45
174.914,159.46
175.014,172.47
175.114,188.30
175.214,169.25
175.315,211.31
175.414,182.53
175.515,187.35
175.614,185.82
175.714,136.40
175.814,169.80
175.914,206.71
176.015,181.60
176.114,145.81
176.214,134.40
176.314,148.65
176.415,152.86
176.515,174.49
176.615,124.77
176.715,130.46
176.814,142.44
176.914,198.34
177.015,168.37
177.114,152.86
177.214,148.65
177.314,121.09
177.413,103.02
177.515,161.69
177.615,135.63
177.714,155.04
177.814,155.04
177.914,125.94
178.014,133.64
178.115,136.40
178.214,108.04
178.314,164.74
178.414,148.65
178.514,148.65
178.614,184.88
178.714,96.56
178.814,124.77
178.914,204.07
179.014,111.45
179.114,132.42
179.214,122.89
179.314,128.59
179.414,175.39
179.517,201.45
179.614,205.07
179.714,187.35
179.814,194.80
179.914,210.29
180.014,173.03
180.114,152.12
180.214,156.40
180.314,172.13
180.414,184.88
180.514,173.03
180.614,176.21
180.714,222.15
180.814,214.66
180.914,161.61
181.014,223.87
181.114,183.37
181.214,164.65
181.314,227.65
181.414,183.37
181.514,108.69
181.614,168.37
181.714,180.10
181.812,211.31
181.913,178.61
182.012,149.46
182.112,212.98
182.214,172.13
182.314,194.80
182.413,148.73
182.514,169.25
182.613,199.94
182.714,166.94
182.813,173.84
182.913,173.84
183.013,122.89
183.113,226.68
183.213,159.37
183.313,184.88
183.412,157.16
183.513,205.07
183.613,140.38
183.713,245.94
183.813,151.53
183.913,188.30
184.013,231.58
184.113,155.04
184.214,201.45
184.313,197.36
184.413,210.29
184.513,240.85
184.613,201.55
184.713,131.67
184.813,212.98
184.913,202.45
185.013,180.10
185.113,194.80
185.213,204.07
185.313,206.71
185.413,207.72
185.513,180.10
185.613,221.09
185.713,174.49
185.813,181.60
185.913,143.72
186.013,129.79
186.112,178.26
186.213,154.21
186.313,106.33
186.412,142.36
186.513,184.97
186.613,163.87
186.713,168.45
186.813,152.94
186.913,125.94
187.013,120.39
187.115,104.63
187.213,101.99
187.313,137.17
187.413,181.60
187.512,136.88
187.613,114.99
187.713,137.57
187.812,147.84
187.912,131.67
188.012,111.45
188.113,138.42
188.213,118.55
188.312,131.67
188.413,130.46
188.512,157.24
188.612,118.55
188.713,130.46
188.813,152.86
188.912,104.63
189.013,137.57
189.113,161.69
189.212,119.31
189.313,161.69
189.413,131.74
189.512,127.86
189.613,165.28
189.713,104.63
189.812,152.04
189.913,140.87
190.013,94.37
190.113,149.97
190.215,181.60
190.312,181.60
190.413,172.13
190.513,193.83
190.613,206.71
190.712,166.15
190.812,148.65
190.913,166.15
191.013,142.44
191.113,130.53
191.212,157.24
191.313,95.58
191.412,153.69
191.513,150.79
191.612,135.16
191.713,106.98
191.813,125.49
191.912,135.16
192.013,112.12
192.112,115.68
192.212,149.46
192.312,111.45
192.411,170.69
192.512,96.56
192.612,119.25
192.712,121.09
192.812,185.91
192.912,80.21
193.012,143.23
193.112,126.67
193.212,133.64
193.312,152.04
193.412,104.70
193.513,152.94
193.613,112.12
193.712,145.31
193.812,119.31
193.910,149.97
194.010,147.84
194.110,99.73
194.211,133.64
194.313,144.51
194.411,119.25
194.512,121.09
194.612,143.23
194.712,117.49
194.812,113.89
194.912,155.04
195.012,126.67
195.113,108.04
195.212,89.44
195.312,131.21
195.411,95.58
195.512,105.34
195.612,192.36
195.712,156.40
195.812,163.01
195.912,149.97
196.012,156.40
196.112,104.63
196.212,95.58
196.311,173.93
196.412,100.35
196.512,121.09
196.612,138.34
196.712,163.87
196.812,125.94
196.912,175.39
197.012,141.65
197.112,149.97
197.211,144.51
197.312,135.56
197.415,150.71
197.511,89.44
197.611,138.34
197.711,216.74
197.811,159.37
197.911,100.35
198.012,119.25
198.112,115.68
198.211,127.40
198.311,188.30
198.411,100.35
198.510,124.77
198.612,95.58
198.711,163.33
198.811,171.58
198.911,149.54
199.011,163.87
199.115,148.65
199.213,118.55
199.311,183.46
199.411,137.17
199.512,214.01
199.614,188.30
199.711,192.36
199.811,157.24
199.911,113.21
200.011,152.04
200.114,134.40
200.214,202.54
200.311,177.69
200.411,137.57
200.511,150.79
200.611,106.33
200.711,181.02
200.811,170.69
200.911,188.30
201.011,146.61
201.111,174.49
201.210,143.64
201.311,110.36
201.410,142.44
201.511,175.39
201.610,152.86
201.711,186.50
201.811,145.81
201.911,160.84
202.011,165.28
202.111,160.76
202.210,159.37
202.311,148.65
202.410,148.65
202.511,189.25
202.611,198.34
202.711,144.51
202.811,132.49
202.911,124.05
203.011,146.53
203.111,117.42
203.211,173.03
203.310,122.89
203.410,134.40
203.511,198.34
203.611,89.44
203.711,185.82
203.810,173.03
203.910,148.65
204.010,132.42
204.110,74.75
204.210,173.03
204.310,171.58
204.409,153.77
204.511,169.25
204.610,146.61
204.710,152.94
204.810,159.46
204.910,113.89
205.010,126.67
205.110,189.85
205.210,170.69
205.310,126.67
205.410,125.49
205.510,129.33
205.613,157.24
205.712,127.86
205.809,169.89
205.908,125.94
206.008,144.44
206.108,160.76
206.208,133.64
206.313,166.15
206.411,143.72
206.512,163.01
206.612,133.64
206.712,109.76
206.812,113.89
206.912,150.79
207.011,136.40
207.109,166.15
207.212,155.04
207.312,140.38
207.412,115.68
207.511,134.40
207.612,148.65
207.712,132.42
207.812,101.99
207.912,106.98
208.012,173.93
208.112,163.87
208.212,146.53
208.312,157.24
208.412,150.79
208.512,177.69
208.612,160.76
208.712,106.33
208.812,163.01
208.912,124.05
209.012,187.35
209.112,154.21
209.212,182.53
209.312,106.98
209.412,159.37
209.512,175.31
209.611,138.42
209.712,83.56
209.811,205.07
209.911,173.03
210.011,175.39
210.112,170.69
210.211,134.40
210.311,159.37
210.411,205.07
210.511,143.23
210.612,160.31
210.711,132.42
210.811,142.44
210.911,161.61
211.011,113.89
211.109,137.09
211.211,141.16
211.309,144.44
211.409,112.12
211.509,110.43
211.609,155.88
211.709,126.67
211.808,149.46
211.908,164.74
212.008,78.81
212.108,264.11
212.209,132.42
212.308,155.88
212.409,171.58
212.509,148.65
212.609,113.89
212.709,189.85
212.808,164.74
212.909,171.58
213.009,132.42
213.109,117.49
213.209,113.89
213.309,210.77
213.408,151.61
213.509,151.53
213.609,114.57
213.709,131.21
213.809,125.49
213.909,121.09
214.009,164.74
214.109,150.79
214.208,152.94
214.307,155.12
214.409,120.39
214.509,103.66
214.611,157.24
214.708,130.53
214.809,163.87
214.909,116.73
215.011,166.15
215.111,109.76
215.211,126.67
215.311,159.46
215.408,163.87
215.508,151.53
215.609,155.04
215.711,158.08
215.808,138.34
215.908,169.25
216.008,258.04
216.109,188.30
216.211,148.65
216.313,170.69
216.409,146.53
216.511,212.98
216.608,164.74
216.708,206.08
216.808,193.23
216.908,226.01
217.008,155.88
217.108,181.02
217.208,138.42
217.308,258.04
217.408,181.95
217.508,162.47
217.608,195.78
217.708,160.22
217.808,223.21
217.908,194.80
218.007,212.98
218.106,214.01
218.206,215.05
218.307,227.76
218.408,199.94
218.506,197.36
218.608,177.78
218.708,156.40
218.808,143.72
218.908,141.65
219.008,150.79
219.108,128.59
219.208,160.31
219.309,85.02
219.408,100.97
219.507,174.83
219.609,133.17
219.708,167.03
219.808,164.65
219.908,204.45
220.008,183.46
220.108,128.59
220.208,163.87
220.308,148.65
220.408,161.61
220.508,175.39
220.608,126.67
220.708,128.59
220.808,113.89
220.908,101.99
221.008,158.08
221.108,145.31
221.208,129.79
221.308,182.53
221.408,135.63
221.508,141.65
221.608,104.70
221.708,112.18
221.806,144.51
221.906,109.76
222.006,152.94
222.106,140.45
222.206,126.67
222.309,122.96
222.407,85.93
222.508,159.46
222.608,133.64
222.708,119.68
222.808,150.79
222.908,116.80
223.007,84.46
223.107,121.09
223.207,159.46
223.308,117.49
223.408,126.67
223.506,150.79
223.608,130.46
223.708,177.78
223.807,132.42
223.907,124.05
224.008,148.65
224.108,140.38
224.207,138.42
224.307,163.01
224.408,133.64
224.507,144.51
224.608,141.65
224.708,105.28
224.807,142.44
224.907,135.63
225.007,117.49
225.107,150.79
225.207,101.37
225.307,110.36
225.408,105.34
225.505,118.18
225.608,166.23
225.707,132.42
225.807,142.44
225.907,104.70
226.007,159.46
226.107,152.12
226.207,157.24
226.307,135.63
226.407,180.10
226.507,135.63
226.607,152.94
226.707,113.21
226.808,136.40
226.907,166.15
227.007,148.65
227.107,76.11
227.207,113.89
227.307,98.78
227.407,208.73
227.507,159.46
227.607,148.65
227.707,119.95
227.807,192.36
227.907,112.18
228.007,132.42
228.107,132.42
228.207,132.42
228.308,143.23
228.407,136.40
228.506,173.03
228.607,134.40
228.706,130.46
228.807,146.53
228.905,108.69
229.007,161.61
229.107,103.02
229.207,84.46
229.307,155.04
229.407,163.95
229.506,136.40
229.606,146.61
229.706,133.64
229.807,121.09
229.906,124.77
230.007,95.58
230.106,139.12
230.205,148.65
230.305,109.76
230.405,142.44
230.505,140.45
230.605,142.44
230.705,134.40
230.807,92.50
230.907,140.38
231.007,159.46
231.107,150.79
231.207,115.68
231.307,124.77
231.407,87.93
231.507,183.46
231.607,128.59
231.706,153.77
231.807,130.53
231.906,128.59
232.006,159.46
232.107,138.42
232.206,142.44
232.307,142.44
232.406,166.15
232.506,126.67
232.606,146.53
232.706,150.79
232.806,139.60
232.906,141.65
233.006,108.69
233.106,145.31
233.206,139.19
233.307,124.77
233.407,142.44
233.506,108.04
233.607,95.58
233.706,174.83
233.807,114.57
233.905,117.42
234.007,148.65
234.109,157.24
234.206,150.79
234.306,136.40
234.406,115.68
234.509,164.74
234.606,166.15
234.707,95.58
234.806,152.94
234.906,106.98
235.006,128.59
235.106,80.75
235.207,181.02
235.306,149.46
235.406,82.17
235.506,125.49
235.606,146.53
235.709,121.80
235.806,80.75
235.906,133.17
236.006,92.50
236.106,108.69
236.206,133.64
236.306,92.50
236.406,90.96
236.506,172.13
236.606,127.86
236.706,126.67
236.806,113.89
236.906,115.68
237.006,94.00
237.106,103.66
237.205,107.04
237.306,134.40
237.405,153.77
237.504,120.39
237.606,125.94
237.705,131.67
237.805,128.59
237.905,170.69
238.005,94.97
238.105,126.67
238.205,124.05
238.305,109.76
238.405,108.04
238.504,120.39
238.605,138.34
238.705,112.86
238.805,87.41
238.905,132.49
239.005,146.61
239.105,137.64
239.205,116.80
239.305,149.97
239.405,120.39
239.505,98.72
239.605,132.42
239.705,117.49
239.805,138.42
239.905,128.59
240.005,115.68
240.104,115.68
240.205,101.99
240.305,134.40
240.404,128.59
240.504,108.69
240.604,152.94
240.705,119.25
240.805,98.17
240.904,163.87
241.004,131.74
241.105,135.63
241.204,141.65
241.304,145.73
241.404,157.24
241.504,146.53
241.604,156.40
241.704,152.12
241.804,139.67
241.904,152.94
242.004,145.81
242.104,126.67
242.204,142.44
242.302,168.45
242.403,127.86
242.503,150.79
242.603,147.84
242.703,79.68
242.804,128.66
242.905,126.74
243.004,143.72
243.104,143.72
243.204,111.45
243.305,161.61
243.404,115.68
243.504,117.49
243.604,170.69
243.704,146.61
243.804,125.94
243.904,114.99
244.005,175.39
244.104,136.40
244.204,100.35
244.304,148.65
244.404,108.69
244.504,132.42
244.604,112.79
244.704,113.89
244.804,134.40
244.904,122.96
245.004,161.69
245.102,116.80
245.204,135.63
245.304,133.64
245.404,109.76
245.504,129.79
245.604,124.12
245.704,133.64
245.804,124.12
245.904,94.00
246.004,165.28
246.104,96.56
246.204,126.67
246.304,109.76
246.404,128.59
246.502,140.38
246.604,148.65
246.704,184.97
246.804,148.65
246.904,75.59
247.004,177.69
247.102,106.33
247.204,158.08
247.304,152.86
247.404,94.97
247.503,168.45
247.603,157.24
247.704,98.78
247.803,130.53
247.904,150.79
248.003,117.49
248.103,182.53
248.203,125.94
248.303,124.77
248.403,140.38
248.503,150.79
248.603,145.81
248.703,147.84
248.804,152.04
248.903,122.24
249.003,150.79
249.102,155.12
249.203,113.21
249.303,122.96
249.403,192.36
249.502,155.04
249.603,152.86
249.703,101.99
249.803,190.80
249.903,200.93
250.003,103.66
250.105,150.79
250.203,130.53
250.303,119.25
250.403,175.39
250.503,146.53
250.603,130.53
250.703,170.69
250.803,152.94
250.903,126.74
251.003,132.49
251.103,166.15
251.203,136.40
251.303,136.40
251.403,121.80
251.506,144.44
251.603,143.23
251.703,153.69
251.803,142.44
251.903,108.04
252.003,142.44
252.103,119.25
252.203,137.17
252.303,115.68
252.403,100.35
252.503,187.35
252.603,124.77
252.702,116.37
252.803,162.47
252.902,157.24
253.003,146.61
253.103,155.12
253.202,155.12
253.303,118.55
253.402,163.87
253.503,119.31
253.603,137.17
253.703,173.03
253.802,110.43
253.902,190.80
254.002,140.45
254.102,135.63
254.202,185.82
254.302,92.50
254.401,123.60
254.501,181.02
254.601,151.61
254.701,178.61
254.803,157.24
254.902,106.98
255.003,131.28
255.102,101.37
255.203,130.53
255.303,128.59
255.402,188.39
255.501,120.39
255.602,165.28
255.702,141.65
255.802,124.84
255.902,115.68
256.003,108.69
256.102,157.32
256.202,137.64
256.305,140.45
256.402,129.79
256.502,138.42
256.602,117.49
256.702,130.53
256.802,107.04
256.902,138.42
257.002,116.80
257.102,101.99
257.202,137.17
257.302,149.46
257.402,94.97
257.502,113.89
257.602,111.45
257.702,163.87
257.802,104.70
257.905,119.25
258.002,137.17
258.105,109.42
258.204,105.99
258.302,160.39
258.402,132.49
258.501,95.58
258.602,133.17
258.702,166.94
258.802,173.03
258.905,140.38
259.004,140.38
259.105,129.79
259.204,149.97
259.304,139.67
259.404,146.61
259.505,145.81
259.602,156.40
259.702,145.81
259.801,145.81
259.901,145.81
260.004,152.94
260.102,139.67
260.201,139.67
260.300,124.12
260.404,105.34
260.501,110.43
260.602,113.89
260.702,99.34
260.802,155.96
260.901,113.89
261.001,85.02
261.101,100.35
261.202,152.94
261.302,152.94
261.401,140.45
261.501,138.42
261.602,142.44
261.702,115.68
261.801,122.96
261.901,124.84
262.001,134.40
262.101,136.40
262.201,113.21
262.301,124.77
262.401,115.68
262.502,108.69
262.601,109.35
262.702,143.23
262.801,100.97
262.901,116.37
263.001,137.24
263.101,73.42
263.201,119.31
263.301,110.43
263.401,167.03
263.501,105.34
263.601,103.66
263.701,142.51
263.801,119.25
263.901,122.96
264.001,87.93
264.101,90.38
264.201,153.77
264.301,118.62
264.401,143.72
264.501,158.61
264.602,127.86
264.701,148.65
264.801,108.69
264.901,101.99
265.001,119.25
265.102,131.28
265.201,144.51
265.301,146.61
265.401,150.79
265.501,131.74
265.601,144.51
265.701,111.51
265.801,173.03
265.901,85.93
266.001,158.93
266.101,98.78
266.201,87.41
266.301,133.64
266.401,97.17
266.499,141.16
266.599,136.40
266.699,91.91
266.799,115.68
266.899,155.96
267.001,126.67
267.101,161.69
267.200,140.45
267.301,157.24
267.401,159.46
267.499,136.40
267.601,169.25
267.701,119.31
267.800,176.21
267.901,194.90
268.000,121.16
268.101,130.53
268.200,132.42
268.300,158.93
268.401,224.94
268.501,110.43
268.601,128.59
268.701,130.53
268.801,166.15
268.901,119.25
269.001,193.33
269.101,175.39
269.201,136.40
269.301,108.69
269.400,143.23
269.502,160.31
269.601,100.35
269.701,140.38
269.800,149.46
269.901,152.94
270.001,136.40
270.101,107.63
270.200,121.80
270.301,158.08
270.401,148.65
270.500,119.25
270.601,148.65
270.701,95.58
270.800,198.34
270.900,164.74
270.999,157.24
271.100,134.40
271.200,124.77
271.301,108.69
271.401,169.33
271.500,171.58
271.600,180.10
271.700,175.39
271.800,140.45
271.901,134.40
272.000,147.41
272.100,150.79
272.200,146.53
272.300,153.69
272.400,149.46
272.500,124.77
272.600,147.34
272.701,155.88
272.800,125.49
272.900,119.95
273.000,73.93
273.100,113.89
273.200,137.17
273.300,158.16
273.400,160.31
273.500,142.44
273.599,126.67
273.700,122.96
273.800,128.59
273.900,180.10
274.000,144.51
274.101,134.40
274.201,144.51
274.300,163.87
274.400,150.79
274.501,170.77
274.599,119.31
274.701,132.49
274.800,121.09
274.901,115.68
275.001,106.33
275.100,194.90
275.200,134.40
275.300,141.24
275.400,151.61
275.503,159.46
275.603,124.12
275.703,99.73
275.803,189.85
275.903,161.61
276.002,121.09
276.103,124.84
276.202,155.12
276.303,138.42
276.402,143.72
276.501,148.65
276.603,142.44
276.703,144.51
276.803,138.42
276.902,95.64
277.003,150.79
277.103,175.39
277.203,101.99
277.302,157.24
277.403,152.94
277.503,110.43
277.602,92.50
277.703,214.11
277.802,121.09
277.902,117.49
278.003,129.40
278.102,159.46
278.202,97.17
278.303,87.06
278.403,220.54
278.501,138.42
278.600,124.84
278.703,150.79
278.802,151.61
278.902,150.79
278.999,112.18
279.099,124.84
279.200,152.94
279.300,166.15
279.400,138.34
279.498,121.09
279.600,162.47
279.700,106.98
279.800,188.39
279.899,170.69
279.999,181.02
280.099,136.40
280.199,164.82
280.300,166.15
280.402,168.45
280.502,146.53
280.602,164.74
280.702,161.61
280.801,94.06
280.902,175.39
281.002,81.63
281.102,173.12
281.202,146.53
281.302,109.35
281.401,128.59
281.502,162.55
281.602,112.86
281.702,112.79
281.801,162.55
281.898,185.82
282.002,132.49
282.099,116.80
282.198,159.46
282.302,157.24
282.399,159.46
282.502,182.53
282.602,122.24
282.701,81.63
282.802,152.94
282.901,122.96
283.001,112.18
283.101,122.96
283.201,144.51
283.299,115.74
283.401,140.45
283.503,98.17
283.601,144.51
283.698,157.24
283.799,97.17
283.898,128.59
283.998,89.49
284.099,158.08
284.198,108.69
284.301,158.08
284.401,139.19
284.501,124.84
284.601,150.79
284.701,141.65
284.801,152.94
284.901,108.69
285.001,134.40
285.101,113.89
285.200,130.53
285.301,130.53
285.400,168.45
285.499,180.10
285.601,136.40
285.701,119.25
285.800,134.40
285.901,129.40
286.001,149.46
286.101,113.89
286.200,152.86
286.301,129.33
286.398,180.10
286.498,128.59
286.598,146.53
286.698,113.89
286.798,163.87
286.898,146.61
286.998,198.34
287.098,187.35
287.198,165.28
287.298,174.49
287.398,163.87
287.498,147.84
287.598,119.25
287.698,128.59
287.797,136.40
287.898,172.13
287.998,156.40
288.098,140.38
288.198,169.25
288.298,175.39
288.398,165.28
288.496,198.96
288.598,148.65
288.698,133.25
288.798,181.11
288.898,155.04
288.998,101.99
289.098,145.23
289.197,97.17
289.297,214.01
289.398,126.67
289.497,106.98
289.597,171.58
289.698,173.93
289.798,161.61
289.898,130.53
289.998,173.03
290.098,155.12
290.196,163.01
290.298,132.42
290.397,140.38
290.498,211.41
290.598,159.46
290.698,177.78
290.797,166.15
290.898,120.39
290.998,154.21
291.097,175.39
291.197,99.73
291.297,146.53
291.397,98.78
291.497,170.69
291.598,109.76
291.697,113.21
291.797,126.67
291.897,140.45
291.997,143.72
292.097,173.03
292.197,74.75
292.297,126.67
292.397,92.50
292.497,170.69
292.597,119.31
292.697,83.06
292.797,161.69
292.897,135.63
292.997,114.99
293.097,125.94
293.197,122.24
293.297,90.38
293.397,103.02
293.497,132.49
293.597,111.51
293.697,86.49
293.797,120.39
293.897,120.39
293.997,116.80
294.096,114.99
294.197,96.56
294.296,118.62
294.397,80.21
294.495,152.94
294.597,141.65
294.697,156.40
294.795,127.86
294.897,111.51
294.997,83.06
295.097,112.18
295.196,159.46
295.297,122.96
295.396,97.17
295.496,127.40
295.596,144.51
295.697,90.96
295.796,76.63
295.896,148.65
295.997,93.46
296.096,136.40
296.196,87.98
296.296,105.34
296.396,129.79
296.497,110.43
296.596,153.77
296.696,179.18
296.796,98.17
296.895,114.99
296.996,122.24
297.096,127.86
297.196,134.47
297.296,126.01
297.396,128.66
297.495,122.24
297.596,96.56
297.696,121.09
297.796,180.10
297.896,141.65
297.997,130.53
298.096,144.51
298.196,206.81
298.297,184.04
298.396,173.59
298.497,136.88
298.596,143.72
298.696,129.79
298.796,124.12
298.896,124.12
298.996,154.29
299.096,145.81
299.196,141.65
299.297,149.97
299.396,165.28
299.497,165.28
299.596,149.97
299.697,143.72
299.797,172.13
299.896,140.38
299.997,158.08
300.096,170.69
300.196,165.28
300.296,127.86
300.396,118.55
300.496,166.15
300.596,112.18
300.696,199.94
300.797,129.79
300.896,169.89
300.996,122.24
301.097,88.91
301.196,87.41
301.296,149.97
301.396,129.05
301.496,75.59
301.596,103.02
301.696,128.59
301.796,91.91
301.896,133.64
301.996,115.68
302.096,91.91
302.196,98.17
302.296,98.78
302.396,128.59
302.496,80.26
302.596,130.53
302.696,197.36
302.796,147.84
302.896,91.32
302.996,96.56
303.096,150.79
303.196,141.72
303.296,111.51
303.396,109.76
303.496,101.37
303.596,109.76
303.696,118.55
303.796,131.74
303.896,118.62
303.996,108.04
304.096,98.17
304.196,116.80
304.295,139.67
304.396,106.39
304.496,90.43
304.596,119.31
304.696,126.01
304.796,106.39
304.895,95.03
304.996,117.49
305.096,81.63
305.196,140.45
305.296,113.89
305.395,120.39
305.496,129.79
305.596,111.51
305.696,98.78
305.796,68.28
305.896,187.45
305.996,100.41
306.096,110.43
306.196,116.80
306.296,91.91
306.396,132.49
306.495,90.96
306.596,157.32
306.696,127.86
306.796,120.39
306.896,119.31
306.996,152.94
307.096,127.86
307.196,182.53
307.296,157.24
307.396,172.13
307.496,127.86
307.595,116.80
307.695,165.28
307.795,80.21
307.895,161.61
307.995,115.68
308.095,161.69
308.195,113.28
308.295,133.64
308.395,106.39
308.495,120.39
308.596,112.12
308.695,127.86
308.794,121.09
308.895,74.75
308.995,155.88
309.096,130.53
309.195,109.76
309.296,160.76
309.395,132.49
309.495,109.76
309.594,101.43
309.695,87.41
309.795,145.81
309.895,113.21
309.995,118.62
310.095,115.68
310.195,132.49
310.295,144.51
310.395,149.97
310.495,113.21
310.595,133.64
310.695,104.70
310.795,136.40
310.895,146.61
310.995,135.63
311.095,122.24
311.194,90.43
311.295,154.29
311.395,119.75
311.495,159.46
311.595,159.46
311.695,147.92
311.794,159.99
311.895,131.74
311.994,176.87
312.094,109.76
312.195,106.33
312.295,158.16
312.395,104.70
312.495,168.45
312.595,138.34
312.695,157.24
312.795,160.84
312.894,176.87
312.995,145.73
313.095,121.09
313.193,163.87
313.294,200.04
313.394,167.57
313.494,94.97
313.595,210.39
313.695,180.10
313.794,156.48
313.894,143.72
313.994,188.89
314.094,111.51
314.194,155.04
314.294,120.39
314.394,172.13
314.494,175.39
314.594,126.01
314.694,84.46
314.794,111.51
314.894,137.64
314.994,98.17
315.094,116.86
315.194,140.45
315.295,109.76
315.394,131.74
315.493,111.51
315.595,113.28
315.694,144.51
315.794,116.11
315.894,114.31
315.994,112.60
316.095,99.17
316.194,86.85
316.294,110.43
316.394,142.44
316.494,118.62
316.595,129.79
316.694,160.84
316.794,136.88
316.894,106.39
316.994,155.04
317.094,145.01
317.194,123.40
317.294,125.29
317.394,132.96
317.494,145.01
317.594,138.90
317.694,142.93
317.794,96.01
317.894,137.64
317.994,137.64
318.094,129.79
318.194,99.79
318.294,131.74
318.396,158.69
318.492,152.12
318.594,100.80
318.694,120.45
318.794,127.93
318.894,117.92
318.994,109.10
319.094,95.95
319.194,88.91
319.294,130.53
319.393,146.61
319.494,143.72
319.594,163.09
319.694,134.95
319.793,112.60
319.894,127.13
319.993,110.84
320.094,127.86
320.193,116.80
320.293,112.60
320.393,109.76
320.493,120.45
320.593,119.31
320.693,132.49
320.793,129.79
320.893,137.64
320.993,111.51
321.093,90.38
321.193,67.06
321.293,131.28
321.393,105.34
321.494,133.25
321.594,133.72
321.694,119.31
321.793,110.43
321.894,106.98
321.994,123.67
322.094,113.21
322.193,112.18
322.293,105.34
322.393,127.86
322.497,126.74
322.593,105.34
322.693,146.61
322.793,87.98
322.893,143.72
322.993,149.97
323.093,132.49
323.193,148.65
323.294,121.09
323.393,130.53
323.493,144.51
323.593,95.58
323.693,150.79
323.796,119.25
323.895,142.44
323.993,144.51
324.094,150.79
324.193,144.51
324.293,126.67
324.393,148.65
324.492,159.46
324.594,141.65
324.693,134.40
324.793,140.38
324.891,146.53
324.993,136.40
325.093,159.46
325.193,131.74
325.293,137.64
325.392,114.99
325.493,108.69
325.593,153.69
325.693,181.11
325.793,152.94
325.893,76.11
325.993,126.74
326.093,111.51
326.193,126.67
326.292,98.78
326.393,159.46
326.493,142.44
326.593,144.51
326.693,94.06
326.792,121.09
326.892,160.31
326.993,138.42
327.095,113.28
327.192,131.74
327.295,82.17
327.392,137.17
327.495,94.06
327.595,98.78
327.693,159.46
327.792,152.94
327.893,156.40
327.992,93.46
328.092,82.17
328.195,94.06
328.292,130.53
328.395,113.95
328.492,115.68
328.593,129.79
328.693,132.49
328.793,126.01
328.895,116.80
328.992,172.13
329.092,78.86
329.193,110.43
329.292,103.02
329.393,111.51
329.492,94.06
329.593,134.47
329.693,131.74
329.792,115.06
329.895,139.67
329.992,127.20
330.093,109.76
330.192,114.99
330.293,141.65
330.392,129.79
330.492,116.80
330.592,121.09
330.696,98.78
330.792,140.45
330.892,127.93
330.992,132.49
331.093,133.72
331.192,122.24
331.293,170.77
331.395,152.12
331.492,131.74
331.592,114.99
331.692,96.56
331.793,85.93
331.892,76.63
331.992,94.66
332.092,168.45
332.192,137.64
332.292,170.77
332.392,122.31
332.492,101.43
332.592,149.97
332.692,124.12
332.792,119.68
332.890,143.72
332.992,104.63
333.092,121.16
333.192,113.95
333.292,137.64
333.392,126.01
333.492,99.79
333.591,86.49
333.691,121.80
333.791,118.18
333.895,89.49
333.991,130.53
334.091,136.40
334.191,122.96
334.292,81.63
334.391,124.84
334.491,148.73
334.591,144.51
334.691,126.74
334.791,107.04
334.891,150.79
334.991,103.02
335.091,122.96
335.192,98.78
335.291,122.96
335.391,121.87
335.491,153.77
335.591,141.65
335.692,112.18
335.791,153.77
335.891,138.42
335.991,138.42
336.094,108.10
336.191,129.79
336.291,109.76
336.391,98.78
336.490,105.34
336.591,103.66
336.691,119.31
336.791,114.99
336.891,136.40
336.992,132.49
337.091,105.34
337.191,128.59
337.291,128.59
337.391,170.69
337.491,119.25
337.591,141.16
337.691,142.44
337.791,87.41
337.891,148.73
337.991,126.67
338.091,173.03
338.191,163.95
338.291,115.68
338.391,130.53
338.491,86.49
338.591,200.93
338.691,97.17
338.791,163.87
338.891,115.68
338.991,168.45
339.091,179.18
339.191,184.97
339.291,174.49
339.391,173.03
339.491,152.94
339.590,148.65
339.691,157.24
339.791,182.53
339.890,161.69
339.990,106.39
340.091,122.24
340.191,182.53
340.291,88.86
340.390,184.04
340.490,122.96
340.590,149.46
340.691,175.39
340.790,145.81
340.891,170.77
340.991,163.01
341.091,127.86
341.191,167.57
341.290,156.40
341.391,129.79
341.491,103.02
341.591,130.53
341.691,143.72
341.790,126.67
341.891,149.54
341.990,103.66
342.090,86.49
342.191,150.79
342.290,138.42
342.390,143.72
342.490,137.64
342.589,87.41
342.690,146.61
342.790,157.24
342.890,130.53
342.990,136.47
343.090,122.24
343.191,145.81
343.293,125.94
343.390,169.25
343.490,75.27
343.590,198.34
343.690,119.31
343.790,87.06
343.890,168.45
343.990,126.74
344.089,130.53
344.190,139.67
344.290,137.64
344.390,149.97
344.490,101.43
344.590,129.79
344.689,129.79
344.790,126.01
344.892,131.74
344.990,129.79
345.090,127.86
345.190,136.40
345.289,92.50
345.390,88.56
345.488,110.43
345.590,96.56
345.692,127.47
345.792,121.09
345.892,112.18
345.992,152.94
346.092,116.43
346.192,112.18
346.292,134.47
346.392,122.96
346.489,148.73
346.590,135.63
346.692,117.49
346.789,98.78
346.889,135.23
346.990,97.78
347.090,112.86
347.189,141.24
347.290,83.56
347.389,119.95
347.490,139.19
347.590,114.63
347.692,112.18
347.791,107.04
347.892,136.40
347.992,90.96
348.092,96.18
348.194,73.15
348.292,178.61
348.392,65.06
348.492,146.11
348.591,103.66
348.692,113.89
348.792,164.74
348.892,110.43
348.992,76.63
349.092,112.86
349.192,138.42
349.292,136.40
349.392,134.40
349.492,86.49
349.592,147.41
349.692,97.17
349.791,132.42
349.891,140.38
349.991,95.64
350.092,161.69
350.191,115.68
350.291,159.46
350.391,157.24
350.492,118.11
350.591,96.18
350.692,141.24
350.791,151.61
350.891,147.34
350.988,182.53
351.089,136.40
351.189,126.74
351.289,150.79
351.389,101.99
351.491,195.87
351.588,106.98
351.688,135.16
351.788,90.07
351.888,127.47
351.989,113.95
352.088,118.55
352.188,150.86
352.288,109.76
352.388,131.74
352.489,146.61
352.588,92.87
352.688,188.39
352.788,115.74
352.888,104.70
352.988,175.39
353.088,85.93
353.188,108.76
353.288,129.40
353.388,117.49
353.488,152.94
353.588,144.51
353.688,98.78
353.788,114.57
353.888,97.78
353.988,151.61
354.088,121.09
354.188,75.27
354.288,212.44
354.388,133.17
354.488,208.73
354.588,154.29
354.688,182.53
354.791,201.45
354.888,169.89
354.988,122.31
355.088,122.24
355.188,198.96
355.288,176.87
355.388,184.04
355.488,141.65
355.588,157.32
355.688,101.43
355.788,152.12
355.888,169.80
355.988,147.84
356.088,158.61
356.188,172.13
356.288,152.12
356.388,160.76
356.488,167.57
356.588,151.30
356.688,96.62
356.788,127.86
356.888,116.80
356.988,141.72
357.088,62.23
357.188,121.16
357.288,180.19
357.388,96.56
357.490,148.65
357.587,160.84
357.688,172.13
357.788,139.60
357.887,182.53
357.987,152.94
358.088,157.24
358.188,165.28
358.288,147.84
358.387,157.76
358.487,155.04
358.587,189.85
358.688,182.53
358.787,150.79
358.887,184.04
358.988,147.84
359.088,148.65
359.188,152.94
359.287,167.57
359.387,135.63
359.490,141.65
359.590,141.65
359.690,181.60
359.790,161.69
359.890,147.84
359.990,154.21
360.090,120.39
360.190,157.24
360.290,143.72
360.390,156.40
360.490,94.06
360.589,195.78
360.690,197.36
360.790,157.24
360.890,103.66
360.989,170.69
361.090,139.67
361.190,165.36
361.290,122.24
361.390,111.51
361.490,124.12
361.589,160.84
361.690,152.12
361.789,116.80
361.889,137.64
361.990,137.64
362.087,148.65
362.186,131.74
362.287,155.12
362.387,141.65
362.487,155.12
362.587,108.10
362.687,129.79
362.787,119.31
362.887,149.97
362.987,148.65
363.087,110.43
363.186,133.72
363.287,149.97
363.387,108.69
363.487,142.44
363.587,169.89
363.687,139.67
363.787,101.43
363.887,124.84
363.987,109.76
364.087,109.76
364.187,126.01
364.287,129.79
364.390,102.06
364.487,104.70
364.587,126.74
364.687,88.91
364.786,89.49
364.887,107.04
364.987,113.95
365.086,74.75
365.187,122.24
365.289,152.94
365.386,108.04
365.486,184.97
365.587,142.51
365.687,167.57
365.786,129.79
365.887,139.67
365.986,143.72
366.086,145.81
366.186,124.12
366.287,104.70
366.386,152.12
366.486,135.63
366.586,133.72
366.687,104.70
366.786,103.02
366.886,85.93
366.986,198.96
367.086,85.93
367.187,160.84
367.286,118.62
367.387,139.67
367.487,136.88
367.586,132.49
367.686,141.72
367.786,134.95
367.886,102.45
367.986,123.03
368.086,116.80
368.186,122.24
368.286,158.61
368.386,153.46
368.487,133.64
368.586,152.12
368.686,149.97
368.786,169.89
368.886,166.70
368.986,140.94
369.086,132.96
369.186,157.76
369.287,129.05
369.386,174.49
369.486,149.97
369.585,184.13
369.686,127.86
369.786,165.28
369.886,160.84
369.986,81.09
370.086,141.65
370.186,151.30
370.286,160.84
370.386,133.64
370.486,209.37
370.586,109.83
370.686,197.36
370.786,184.13
370.889,129.79
370.985,124.12
371.086,185.56
371.186,106.39
371.285,181.60
371.386,106.39
371.486,88.91
371.586,110.43
371.686,161.69
371.786,105.34
371.886,144.51
371.986,95.03
372.086,73.42
372.186,135.23
372.286,202.54
372.386,179.27
372.485,176.87
372.584,164.41
372.686,184.04
372.786,157.24
372.886,154.29
372.986,158.61
373.086,152.12
373.186,169.80
373.286,169.89
373.386,156.40
373.486,163.87
373.585,180.67
373.686,149.15
373.788,109.10
373.885,143.72
373.985,99.73
374.086,194.90
374.186,144.51
374.285,144.51
374.386,143.72
374.486,176.78
374.586,168.45
374.685,182.53
374.785,169.00
374.885,124.12
374.988,142.44
375.085,159.46
375.185,155.04
375.285,167.57
375.386,145.81
375.485,111.51
375.585,116.80
375.686,122.96
375.785,124.12
375.885,126.74
375.985,104.70
376.085,138.42
376.185,86.49
376.285,117.49
376.385,119.31
376.485,124.84
376.585,137.64
376.685,114.99
376.785,161.61
376.885,113.21
376.985,138.42
377.085,121.09
377.185,140.45
377.284,128.66
377.385,123.03
377.485,131.74
377.585,131.74
377.685,114.99
377.785,154.21
377.885,107.04
377.986,109.76
378.085,141.72
378.185,180.10
378.285,191.40
378.385,173.12
378.485,144.51
378.586,119.25
378.685,184.97
378.785,92.50
378.885,134.47
378.984,76.11
379.085,124.12
379.185,119.31
379.285,153.77
379.383,128.59
379.484,157.24
379.585,85.02
379.685,146.53
379.785,117.49
379.885,150.79
379.985,152.12
380.085,93.46
380.185,113.95
380.284,149.46
380.385,129.79
380.485,139.67
380.585,131.74
380.685,137.64
380.785,118.62
380.884,139.67
380.985,127.86
381.084,183.11
381.185,145.81
381.285,149.97
381.385,161.61
381.483,198.96
381.583,191.40
381.685,174.49
381.784,201.55
381.885,158.61
381.985,143.72
382.085,72.15
382.184,98.78
382.285,192.36
382.385,169.89
382.485,129.79
382.585,166.15
382.685,167.57
382.784,156.48
382.885,147.84
382.985,158.61
383.085,101.43
383.185,130.53
383.285,131.74
383.385,99.17
383.485,102.06
383.584,152.94
383.684,145.01
383.784,147.11
383.884,139.67
383.984,125.29
384.085,115.06
384.185,158.61
384.285,114.99
384.385,122.24
384.484,104.70
384.584,104.70
384.684,127.86
384.784,88.91
384.884,154.29
384.984,145.01
385.084,98.17
385.182,120.39
385.284,136.40
385.384,148.65
385.485,120.45
385.584,141.65
385.684,185.07
385.784,110.84
385.884,147.84
385.984,199.94
386.084,174.49
386.184,236.92
386.284,156.40
386.384,206.81
386.484,164.41
386.584,191.40
386.684,169.89
386.784,123.40
386.884,147.92
386.984,163.09
387.084,104.70
387.184,156.40
387.284,160.84
387.384,147.84
387.484,152.12
387.584,120.45
387.684,129.79
387.784,156.40
387.884,109.76
387.984,128.59
388.084,127.86
388.184,98.17
388.284,142.51
388.384,177.78
388.484,128.66
388.584,118.62
388.684,147.92
388.783,136.88
388.883,116.80
388.984,152.12
389.084,101.37
389.184,113.89
389.283,93.46
389.383,103.66
389.484,98.78
389.584,130.53
389.684,118.62
389.784,199.94
389.883,188.89
389.984,175.96
390.084,145.81
390.184,109.76
390.284,212.05
390.383,149.15
390.484,129.05
390.582,103.02
390.684,126.67
390.784,184.04
390.883,154.21
390.984,141.72
391.083,169.89
391.183,188.89
391.284,191.40
391.384,192.96
391.483,199.57
391.584,192.00
391.684,177.44
391.784,197.97
391.884,199.57
391.984,192.87
392.084,168.92
392.187,173.59
392.287,165.82
392.392,164.41
392.492,131.74
392.592,175.96
392.692,190.44
392.792,198.96
392.891,186.41
392.991,241.97
393.092,178.26
393.191,166.70
393.292,190.44
393.391,183.11
393.492,173.59
393.591,205.70
393.692,165.82
393.791,161.37
393.892,162.23
393.992,234.03
394.092,147.11
394.192,145.01
394.292,169.80
394.392,179.27
394.492,162.23
394.592,191.40
394.692,145.01
394.791,197.97
394.891,190.44
394.992,162.15
395.092,156.40
395.191,206.71
395.291,129.05
395.391,154.21
395.492,179.27
395.591,155.56
395.691,147.84
395.791,190.44
395.891,169.00
395.991,143.00
396.091,190.44
396.191,157.76
396.291,148.42
396.392,169.00
396.491,150.05
396.591,127.13
396.691,108.04
396.791,211.03
396.887,137.64
396.985,129.79
397.082,157.24
397.183,167.57
397.283,116.80
397.385,117.92
397.485,140.94
397.585,153.46
397.685,154.21
397.783,129.12
397.883,140.94
397.985,122.31
398.086,126.01
398.185,127.93
398.285,169.00
398.385,121.60
398.486,115.06
398.585,139.67
398.685,100.80
398.786,114.38
398.885,117.92
398.991,120.45
399.091,106.39
399.191,65.35
399.290,103.66
399.385,205.17
399.485,186.50
399.584,153.46
399.687,149.23
399.786,140.94
399.891,91.91
399.991,70.35
400.091,58.77
400.191,67.54
400.291,161.69
400.391,113.28
400.491,156.40
400.591,127.20
400.691,93.46
400.791,147.92
400.891,114.31
400.991,94.43
401.091,118.62
401.191,132.96
401.291,125.29
401.391,127.20
401.491,132.96
401.591,121.60
401.691,131.00
401.791,99.17
401.891,127.20
401.991,125.29
402.091,132.89
402.190,173.59
402.291,80.26
402.390,183.11
402.491,138.90
402.589,145.01
402.691,171.24
402.790,142.93
402.891,187.94
402.990,196.48
403.090,143.72
403.190,205.70
403.290,109.10
403.390,141.65
403.491,108.69
403.590,103.72
403.690,172.13
403.790,122.24
403.888,127.86
403.990,215.80
404.089,133.72
404.184,97.55
404.285,106.39
404.385,159.54
404.486,114.38
404.585,118.62
404.684,111.51
404.784,116.80
404.884,122.24
404.985,93.46
405.085,115.68
405.185,111.51
405.290,129.05
405.386,145.01
405.485,151.30
405.585,172.13
405.686,179.27
405.784,153.46
405.890,129.79
405.990,184.04
406.090,108.04
406.190,109.76
406.290,154.29
406.390,104.70
406.490,153.02
406.590,116.80
406.690,96.62
406.790,167.57
406.890,127.93
406.990,118.62
407.090,61.77
407.190,107.45
407.290,151.30
407.390,147.11
407.490,119.75
407.590,94.43
407.690,131.74
407.790,100.80
407.889,100.80
407.994,109.76
408.090,78.86
408.189,99.79
408.289,129.79
408.389,105.74
408.490,78.33
408.588,112.18
408.690,124.12
408.790,145.81
408.890,125.29
408.990,118.68
409.090,143.72
409.189,90.43
409.290,120.39
409.390,185.56
409.490,191.40
409.590,111.93
409.690,100.17
409.790,121.53
409.889,183.11
409.990,145.01
410.089,147.11
410.190,143.00
410.290,151.30
410.389,129.12
410.490,164.41
410.590,165.28
410.690,159.99
410.789,153.46
410.889,136.88
410.989,106.39
411.089,125.94
411.189,132.96
411.289,85.93
411.389,120.39
411.489,101.43
411.588,126.01
411.689,120.45
411.789,99.79
411.889,96.56
411.989,174.58
412.089,103.08
412.189,137.64
412.288,102.39
412.389,142.93
412.489,142.93
412.589,154.29
412.687,115.06
412.789,115.06
412.889,115.06
412.989,121.60
413.083,121.60
413.180,114.38
413.281,92.87
413.381,103.02
413.482,121.16
413.583,116.80
413.683,96.62
413.783,118.62
413.883,129.79
413.984,159.99
414.087,121.60
414.182,131.74
414.283,145.81
414.380,125.29
414.480,88.91
414.580,129.79
414.679,152.12
414.780,143.72
414.880,160.84
414.980,145.81
415.080,132.49
415.180,113.28
415.280,150.79
415.380,140.45
415.480,111.51
415.580,136.47
415.680,154.29
415.780,80.21
415.880,63.43
415.980,202.64
416.080,116.80
416.180,113.21
416.280,119.31
416.380,104.70
416.480,122.96
416.580,105.40
416.680,75.27
416.781,42.41
416.880,186.95
416.980,136.40
417.080,126.01
417.180,144.51
417.280,138.42
417.380,101.99
417.480,146.61
417.580,139.67
417.679,85.98
417.780,124.84
417.880,128.59
417.980,82.17
418.080,155.12
418.180,124.12
418.280,126.74
418.380,110.43
418.480,138.49
418.580,105.34
418.680,108.69
418.780,121.87
418.880,112.18
418.980,119.31
419.079,140.38
419.180,165.28
419.280,124.12
419.380,103.08
419.480,113.95
419.580,131.74
419.680,84.46
419.779,102.06
419.880,170.77
419.979,63.43
420.079,151.68
420.182,114.99
420.279,152.12
420.378,117.49
420.479,134.47
420.578,143.79
420.680,127.13
420.779,145.01
420.882,126.01
420.982,138.90
421.082,92.50
421.182,148.73
421.282,114.99
421.379,147.84
421.479,78.86
421.579,163.87
421.679,169.89
421.779,163.01
421.879,186.50
421.982,103.66
422.082,187.35
422.178,159.46
422.282,61.77
422.381,174.02
422.482,121.87
422.581,180.10
422.681,160.39
422.782,132.49
422.881,81.63
422.981,113.95
423.081,119.31
423.181,95.64
423.282,97.17
423.382,105.40
423.481,113.95
423.582,107.04
423.680,134.47
423.781,126.74
423.881,119.31
423.981,112.18
424.082,119.31
424.182,93.46
424.281,102.06
424.381,91.02
424.481,119.31
424.581,117.49
424.680,112.18
424.781,155.12
424.881,103.66
424.981,92.50
425.081,160.31
425.181,138.42
425.281,119.31
425.380,116.80
425.481,130.53
425.581,105.34
425.681,119.31
425.781,130.53
425.881,163.95
425.981,94.06
426.080,128.66
426.181,121.87
426.280,157.32
426.381,74.75
426.481,100.35
426.580,123.67
426.681,163.95
426.781,86.49
426.880,82.17
426.981,151.68
427.081,130.53
427.181,113.95
427.280,119.31
427.381,78.86
427.481,130.53
427.578,115.74
427.678,88.91
427.778,115.74
427.878,70.09
427.978,145.31
428.077,80.26
428.178,98.78
428.278,100.41
428.378,124.84
428.477,85.93
428.578,73.47
428.678,136.40
428.777,64.64
428.877,115.68
428.978,138.42
429.078,77.48
429.177,155.12
429.278,130.53
429.378,82.17
429.478,187.45
429.578,122.96
429.678,111.51
429.777,104.70
429.878,126.74
429.977,142.51
430.077,133.72
430.178,122.24
430.278,92.50
430.377,149.97
430.476,94.06
430.577,140.38
430.677,154.29
430.778,192.36
430.877,183.46
430.977,161.69
431.077,129.79
431.177,139.67
431.277,117.49
431.380,126.67
431.480,148.73
431.580,123.03
431.680,165.28
431.780,139.60
431.880,74.75
431.980,92.56
432.080,94.06
432.179,118.62
432.280,132.49
432.380,78.00
432.480,83.62
432.580,149.54
432.679,96.56
432.780,103.02
432.880,72.15
432.980,110.43
433.080,135.71
433.179,152.12
433.280,184.97
433.376,148.65
433.477,128.59
433.580,86.55
433.679,155.12
433.780,166.15
433.879,158.61
433.980,109.76
434.079,113.95
434.180,194.80
434.279,122.24
434.379,77.48
434.480,92.50
434.579,133.72
434.679,129.79
434.779,158.61
434.879,117.49
434.979,140.45
435.079,107.04
435.179,113.95
435.279,117.49
435.379,93.46
435.479,119.31
435.579,129.79
435.679,116.80
435.776,104.70
435.876,101.99
435.976,170.77
436.076,104.70
436.176,124.12
436.276,116.86
436.377,113.95
436.476,115.68
436.576,133.72
436.676,107.04
436.777,118.62
436.876,119.31
436.976,134.47
437.076,101.99
437.176,132.49
437.276,101.43
437.376,120.45
437.476,95.03
437.576,107.04
437.676,105.34
437.776,97.84
437.876,79.34
437.976,105.34
438.076,94.06
438.178,86.49
438.276,155.12
438.376,136.40
438.476,101.99
438.576,127.40
438.676,142.51
438.776,82.17
438.876,148.65
438.976,150.79
439.076,89.49
439.176,166.15
439.276,118.62
439.376,119.31
439.476,86.49
439.576,173.03
439.676,139.60
439.776,115.68
439.876,90.96
439.976,147.41
440.076,182.53
440.176,142.51
440.276,159.46
440.376,157.32
440.476,141.65
440.576,177.78
440.675,168.45
440.775,157.32
440.875,93.46
440.975,84.46
441.076,137.64
441.176,132.49
441.276,83.96
441.376,103.66
441.475,107.04
441.576,105.34
441.674,110.43
441.776,137.24
441.876,92.56
441.975,152.94
442.076,89.49
442.176,157.24
442.275,129.79
442.376,83.06
442.475,121.16
442.576,108.10
442.675,122.31
442.775,112.60
442.875,117.92
442.975,87.41
443.075,126.01
443.175,69.06
443.275,115.74
443.375,104.70
443.475,95.03
443.575,143.72
443.676,117.49
443.775,94.97
443.875,142.51
443.975,78.86
444.075,95.03
444.178,149.97
444.275,124.12
444.375,97.55
444.475,76.95
444.575,85.93
444.674,119.31
444.775,105.34
444.875,144.51
444.975,139.67
445.078,99.79
445.175,84.46
445.275,98.17
445.375,132.49
445.474,147.92
445.575,93.46
445.675,99.79
445.775,90.43
445.875,143.72
445.975,106.39
446.075,76.11
446.175,113.95
446.275,169.89
446.375,124.19
446.475,135.71
446.575,99.17
446.675,82.52
446.775,50.79
446.875,135.63
446.975,118.62
447.075,165.28
447.175,111.51
447.274,110.84
447.374,136.88
447.475,112.60
447.575,139.67
447.674,152.12
447.774,91.38
447.874,104.70
447.975,110.49
448.075,81.63
448.175,76.95
448.275,133.72
448.374,138.42
448.474,103.72
448.575,152.20
448.675,114.38
448.775,78.86
448.875,116.80
448.974,83.06
449.075,181.69
449.174,120.45
449.274,123.40
449.375,129.86
449.474,95.03
449.574,165.28
449.675,67.84
449.774,141.65
449.874,85.37
449.974,165.36
450.074,125.29
450.174,135.71
450.274,115.06
450.374,73.78
450.474,123.40
450.574,96.01
450.673,108.10
450.774,141.72
450.874,110.91
450.974,117.92
451.074,99.17
451.174,152.12
451.274,123.40
451.374,131.00
451.474,129.12
451.574,132.96
451.674,104.06
451.774,106.39
451.874,122.31
451.974,99.17
452.074,101.37
452.174,109.76
452.274,109.76
452.374,152.12
452.474,178.26
452.574,123.40
452.674,109.17
452.773,147.11
452.874,134.95
452.974,97.61
453.074,151.30
453.174,91.32
453.274,121.53
453.374,156.48
453.474,97.61
453.573,97.61
453.673,134.95
453.774,96.01
453.873,113.28
453.974,110.84
454.073,102.45
454.174,149.23
454.273,128.39
454.373,105.10
454.474,105.10
454.573,112.60
454.674,99.17
454.773,94.43
454.873,143.00
454.974,102.45
455.073,119.05
455.173,154.81
455.273,110.18
455.373,120.45
455.474,104.12
455.573,91.38
455.674,134.19
455.773,108.51
455.873,114.38
455.973,131.00
456.073,99.17
456.173,78.86
456.273,104.70
456.373,102.39
456.473,165.36
456.573,120.39
456.673,135.63
456.773,88.34
456.873,76.95
456.973,125.29
457.073,102.45
457.173,127.86
457.273,125.29
457.373,90.80
457.473,107.45
457.573,111.58
457.673,101.43
457.773,102.39
457.873,129.05
457.973,63.71
458.073,103.02
458.173,173.59
458.273,127.20
458.373,60.64
458.473,108.10
458.573,96.01
458.673,100.80
458.773,81.09
458.873,69.90
458.973,66.59
459.073,126.74
459.173,83.96
459.273,134.95
459.373,113.70
459.473,122.76
459.573,100.80
459.671,136.95
459.773,114.38
459.873,127.93
459.973,104.76
460.073,125.29
460.173,91.38
460.273,100.17
460.373,83.41
460.473,95.03
460.572,74.29
460.673,125.29
460.773,102.45
460.872,109.17
460.972,111.58
461.072,103.42
461.172,89.85
461.273,129.05
461.372,131.00
461.472,114.38
461.572,126.47
461.673,140.16
461.772,148.42
461.872,180.67
461.972,164.41
462.073,163.54
462.172,175.05
462.273,165.82
462.372,170.44
462.472,154.81
462.572,177.44
462.672,122.76
462.772,116.11
462.872,162.23
462.972,131.74
463.073,107.45
463.172,162.23
463.272,108.10
463.372,81.14
463.472,127.20
463.572,100.80
463.671,121.60
463.772,115.06
463.872,109.17
463.972,175.96
464.072,103.48
464.172,102.45
464.272,96.62
464.372,79.73
464.472,99.17
464.572,65.40
464.672,85.42
464.772,129.86
464.872,116.17
464.972,126.47
465.072,113.70
465.171,122.31
465.272,117.92
465.372,149.23
465.473,146.31
465.570,132.21
465.672,107.38
465.772,59.04
465.872,139.67
465.972,176.87
466.072,164.41
466.172,117.92
466.272,82.52
466.372,104.06
466.472,149.15
466.572,140.94
466.672,131.00
466.772,140.94
466.870,137.72
466.973,99.17
467.072,199.57
467.172,169.00
467.272,122.69
467.372,114.38
467.472,131.00
467.572,145.01
467.672,143.00
467.772,140.16
467.872,159.99
467.973,169.00
468.072,172.69
468.172,198.96
468.272,165.28
468.372,172.78
468.475,165.82
468.572,177.44
468.672,154.81
468.772,200.56
468.872,159.99
468.972,164.41
469.073,116.11
469.172,103.02
469.272,88.91
469.372,76.95
469.475,141.72
469.572,187.45
469.672,165.36
469.772,131.07
469.872,134.19
469.973,136.18
470.072,110.18
470.175,104.06
470.275,172.22
470.375,83.96
470.472,81.09
470.572,150.05
470.672,120.45
470.773,143.00
470.872,69.11
470.974,104.70
471.071,138.90
471.172,91.38
471.272,123.40
471.372,104.12
471.472,112.60
471.575,124.57
471.673,119.75
471.775,138.97
471.872,93.52
471.972,86.85
472.072,110.91
472.172,93.46
472.272,109.76
472.373,115.06
472.472,74.29
472.573,124.19
472.672,114.38
472.772,92.87
472.872,58.33
472.972,150.86
473.072,69.11
473.172,129.86
473.270,88.34
473.372,69.11
473.471,113.28
473.572,86.85
473.672,143.79
473.770,123.47
473.871,97.61
473.972,129.12
474.072,116.17
474.175,115.06
474.272,51.43
474.372,124.19
474.471,97.61
474.572,134.95
474.672,72.96
474.771,58.33
474.871,111.51
474.971,88.91
475.072,95.03
475.172,86.90
475.271,132.96
475.372,77.80
475.471,93.52
475.571,92.87
475.672,89.85
475.771,116.17
475.872,115.49
475.973,122.76
476.071,124.57
476.171,140.16
476.271,129.12
476.371,134.19
476.471,113.02
476.571,113.70
476.672,90.80
476.775,115.49
476.873,94.43
476.971,103.02
477.072,90.43
477.175,105.74
477.274,116.80
477.380,122.31
477.479,74.80
477.573,108.10
477.673,107.45
477.771,102.45
477.871,82.52
477.974,92.87
478.073,110.84
478.174,74.80
478.273,115.06
478.373,110.84
478.474,113.28
478.574,85.42
478.673,65.40
478.774,149.23
478.874,58.33
478.974,119.82
479.072,96.62
479.174,107.45
479.273,129.86
479.373,92.87
479.473,107.45
479.573,55.02
479.671,136.88
479.773,153.46
479.873,65.40
479.973,159.54
480.073,81.14
480.173,127.20
480.273,100.80
480.373,116.17
480.473,89.85
480.571,105.74
480.669,112.60
480.771,52.49
480.871,127.93
480.971,136.95
481.071,137.72
481.170,99.23
481.271,68.62
481.371,107.45
481.470,127.20
481.571,109.17
481.671,116.17
481.770,109.17
481.870,107.45
481.970,99.17
482.070,72.96
482.170,109.17
482.270,99.79
482.371,167.66
482.470,106.45
482.570,131.00
482.670,81.97
482.770,86.85
482.870,119.75
482.970,112.60
483.070,97.61
483.169,74.29
483.270,129.05
483.370,81.09
483.470,88.91
483.570,94.43
483.670,130.25
483.770,112.60
483.870,119.68
483.970,115.06
484.070,112.60
484.170,129.12
484.270,132.21
484.370,161.37
484.470,117.92
484.570,166.70
484.668,156.92
484.770,142.14
484.869,140.16
484.970,154.81
485.070,136.18
485.170,161.37
485.270,128.39
485.370,107.45
485.470,149.23
485.570,130.25
485.668,115.49
485.770,121.60
485.870,115.49
485.970,115.49
486.070,115.49
486.170,122.76
486.270,103.42
486.370,91.38
486.470,102.45
486.570,83.96
486.670,116.17
486.770,74.29
486.870,113.28
486.970,104.70
487.070,88.34
487.172,186.50
487.270,114.38
487.370,88.34
487.470,115.49
487.570,106.79
487.670,120.89
487.769,113.70
487.870,101.82
487.969,65.40
488.069,81.14
488.170,88.34
488.269,136.95
488.369,110.91
488.469,127.20
488.569,111.99
488.669,106.79
488.769,85.42
488.869,103.08
488.969,109.17
489.069,113.70
489.169,138.12
489.269,69.11
489.369,159.99
489.469,119.75
489.569,89.85
489.669,156.48
489.769,97.61
489.869,83.96
489.969,115.06
490.069,100.80
490.169,138.90
490.269,115.49
490.368,134.95
490.469,68.62
490.568,113.28
490.668,84.52
490.768,139.75
490.868,121.60
490.969,131.00
491.069,112.60
491.169,137.64
491.269,117.92
491.368,131.00
491.468,131.00
491.568,71.65
491.668,172.13
491.768,183.11
491.871,147.92
491.968,83.96
492.068,129.12
492.168,102.45
492.268,107.45
492.368,132.96
492.468,126.01
492.568,62.97
492.666,118.62
492.768,127.93
492.869,88.34
492.968,132.96
493.068,85.98
493.168,156.48
493.268,119.75
493.368,93.83
493.469,99.17
493.568,138.90
493.668,99.17
493.768,127.93
493.868,147.11
493.968,134.19
494.068,132.21
494.168,120.89
494.268,129.12
494.368,134.95
494.468,132.96
494.568,138.12
494.668,134.11
494.768,126.40
494.868,142.93
494.968,96.01
495.068,127.20
495.167,129.12
495.268,132.96
495.368,153.46
495.470,138.90
495.570,175.96
495.667,159.99
495.768,164.41
495.868,171.33
495.968,140.94
496.068,155.64
496.168,152.63
496.268,122.69
496.368,148.34
496.468,136.11
496.568,153.46
496.668,162.23
496.768,183.11
496.868,169.00
496.968,96.94
497.068,149.31
497.168,119.75
497.268,147.03
497.368,135.63
497.468,139.67
497.568,166.70
497.668,136.88
497.768,173.59
497.868,147.11
497.968,155.64
498.068,136.11
498.168,198.07
498.268,147.11
498.368,134.87
498.468,120.45
498.568,124.12
498.668,134.95
498.768,126.01
498.868,124.12
498.971,182.62
499.068,118.62
499.171,115.74
499.271,119.31
499.371,132.96
499.470,129.79
499.571,149.97
499.670,154.29
499.770,116.80
499.870,135.71
499.970,131.00
500.068,147.11
500.168,119.68
500.271,91.91
500.374,158.16
500.470,104.70
500.570,152.94
500.671,107.04
500.769,124.84
500.871,69.55
500.973,164.82
501.070,138.42
501.170,136.40
501.270,89.49
501.370,94.06
501.470,183.55
501.570,107.04
501.670,71.34
501.770,90.96
501.869,111.09
501.971,92.50
502.070,97.84
502.171,147.34
502.270,77.15
502.370,127.47
502.470,127.40
502.570,91.02
502.670,102.69
502.770,120.02
502.870,135.16
502.970,124.84
503.070,87.98
503.170,126.74
503.270,142.44
503.370,113.89
503.469,155.12
503.569,140.45
503.670,140.45
503.770,98.17
503.870,135.63
503.970,144.51
504.069,130.61
504.169,98.17
504.269,105.34
504.370,129.79
504.470,119.31
504.570,108.76
504.668,98.17
504.770,124.84
504.870,117.49
504.970,52.20
505.068,79.93
505.171,94.66
505.269,105.99
505.367,161.69
505.470,116.80
505.568,94.06
505.669,187.45
505.768,99.79
505.869,120.39
505.969,98.78
506.069,168.45
506.167,132.49
506.270,72.96
506.369,124.12
506.469,85.93
506.571,136.47
506.669,118.62
506.769,127.93
506.868,69.06
506.967,85.93
507.067,99.40
507.166,112.18
507.267,101.43
507.366,120.45
507.467,173.03
507.569,111.51
507.666,92.50
507.765,140.45
507.866,85.07
507.966,154.29
508.066,113.28
508.166,54.34
508.266,101.04
508.366,80.80
508.466,108.69
508.566,110.43
508.667,116.80
508.766,108.10
508.866,111.51
508.966,111.51
509.066,106.39
509.166,124.84
509.266,129.79
509.366,149.97
509.466,131.74
509.568,131.74
509.666,124.12
509.766,113.28
509.869,127.86
509.966,147.92
510.066,101.99
510.166,113.95
510.266,130.53
510.366,158.61
510.466,143.72
510.566,160.84
510.666,94.06
510.766,85.07
510.866,155.12
510.966,126.01
511.066,117.92
511.166,94.06
511.266,113.95
511.366,106.39
511.464,118.62
511.565,113.95
511.665,105.34
511.764,83.06
511.864,153.02
511.964,113.28
512.064,137.64
512.167,87.41
512.268,182.53
512.368,110.43
512.468,91.60
512.568,165.28
512.666,158.61
512.769,91.02
512.868,152.12
512.968,121.16
513.068,70.35
513.168,160.31
513.268,83.06
513.368,74.80
513.468,118.62
513.569,62.68
513.667,67.54
513.768,101.04
513.868,85.07
513.968,85.98
514.068,103.08
514.168,83.06
514.268,85.07
514.368,126.01
514.468,78.33
514.568,145.81
514.665,109.83
514.765,118.62
514.865,126.01
514.965,87.41
515.066,78.86
515.166,110.43
515.265,87.41
515.365,92.50
515.465,121.16
515.565,62.23
515.665,102.69
515.765,89.49
515.865,136.47
515.966,108.10
516.065,78.86
516.164,87.41
516.265,99.79
516.365,74.80
516.465,119.31
516.567,95.03
516.665,61.09
516.763,105.40
516.865,127.93
516.965,99.17
517.065,88.91
517.165,94.06
517.264,120.45
517.364,127.93
517.465,106.39
517.565,120.39
517.665,109.76
517.765,157.24
517.864,112.18
517.964,154.29
518.065,153.46
518.167,151.30
518.264,87.77
518.364,120.89
518.464,78.33
518.567,106.14
518.664,74.61
518.767,100.80
518.867,73.28
518.967,97.00
519.067,132.96
519.167,108.45
519.264,100.17
519.364,77.80
519.464,173.68
519.564,71.96
519.664,130.25
519.764,163.63
519.864,125.67
519.964,119.05
520.064,152.63
520.164,152.71
520.264,158.29
520.364,149.74
520.464,62.06
520.564,163.63
520.664,52.08
520.764,136.11
520.864,48.01
520.964,152.63
521.064,58.60
521.164,123.54
521.264,97.00
521.364,110.24
521.464,107.85
521.564,57.51
521.664,132.21
521.767,52.08
521.864,73.78
521.964,72.46
522.064,78.66
522.164,60.20
522.264,86.33
522.364,108.51
522.464,77.33
522.563,116.60
522.662,106.14
522.764,105.16
522.864,87.82
522.964,87.20
523.063,63.30
523.164,58.60
523.264,79.19
523.364,103.48
523.464,84.31
523.563,85.21
523.663,68.93
523.764,91.75
523.863,111.99
523.964,129.58
524.063,97.38
524.163,107.85
524.264,97.38
524.364,89.63
524.463,118.35
524.564,111.32
524.663,102.84
524.763,109.58
524.863,114.80
524.963,116.60
525.064,129.58
525.163,134.66
525.264,125.02
525.363,58.17
525.464,92.28
525.564,157.00
525.663,107.20
525.762,114.80
525.862,123.92
525.964,116.60
526.063,106.21
526.163,97.32
526.263,86.69
526.364,118.35
526.463,110.18
526.563,67.41
526.663,68.14
526.763,76.48
526.864,124.64
526.963,107.85
527.063,133.43
527.163,102.84
527.263,45.10
527.363,132.28
527.464,85.21
527.563,66.88
527.663,107.20
527.763,81.48
527.863,146.81
527.963,77.61
528.063,95.78
528.164,85.16
528.263,78.13
528.363,125.09
528.463,61.65
528.563,135.42
528.663,110.66
528.763,110.59
528.863,100.56
528.963,92.65
529.063,126.92
529.163,115.91
529.263,132.68
529.363,146.81
529.463,139.87
529.563,181.25
529.662,66.93
529.763,109.51
529.863,181.25
529.963,106.21
530.063,156.16
530.162,167.24
530.263,164.95
530.363,178.92
530.462,111.99
530.562,106.14
530.663,123.13
530.762,99.55
530.862,133.43
530.963,123.13
531.062,85.21
531.163,94.21
531.263,117.66
531.363,103.88
531.462,65.69
531.562,92.65
531.663,82.31
531.762,87.20
531.862,119.49
531.963,95.78
532.062,100.56
532.162,91.16
532.262,95.78
532.363,138.61
532.462,135.42
532.562,91.16
532.662,100.56
532.762,94.21
532.862,130.72
532.962,107.85
533.062,87.25
533.163,135.42
533.263,149.74
533.362,119.49
533.462,79.53
533.563,106.14
533.662,78.13
533.762,102.21
533.863,62.84
533.962,117.66
534.062,86.69
534.162,48.63
534.262,82.36
534.363,109.58
534.462,108.92
534.562,95.78
534.662,70.21
534.761,108.92
534.862,97.38
534.962,72.77
535.062,88.70
535.163,107.92
535.262,76.81
535.363,111.74
535.462,96.77
535.562,83.75
535.662,61.20
535.763,88.12
535.862,77.61
535.962,88.70
536.062,58.21
536.162,95.73
536.262,101.19
536.362,72.77
536.462,138.61
536.562,65.98
536.662,88.12
536.762,68.44
536.862,92.70
536.962,121.33
537.062,90.58
537.162,86.69
537.262,97.38
537.362,96.77
537.462,120.63
537.562,86.12
537.662,53.40
537.760,82.31
537.862,68.97
537.962,60.47
538.062,102.21
538.162,88.18
538.262,72.32
538.362,119.49
538.462,62.38
538.562,60.03
538.662,90.58
538.762,96.77
538.862,95.78
538.962,103.81
539.062,82.31
539.162,91.16
539.262,124.30
539.362,84.65
539.462,108.92
539.562,78.13
539.661,104.52
539.762,110.66
539.862,108.92
539.962,91.16
540.062,105.56
540.162,131.93
540.261,141.84
540.362,95.78
540.462,130.05
540.562,80.40
540.662,89.63
540.762,92.70
540.862,106.21
540.962,97.38
541.062,108.92
541.162,126.19
541.262,99.94
541.362,77.61
541.462,60.03
541.562,107.85
541.661,120.19
541.762,89.69
541.862,85.21
541.962,88.12
542.062,58.21
542.162,94.81
542.262,56.65
542.362,160.60
542.461,117.72
542.561,128.77
542.662,143.91
542.761,99.94
542.861,115.91
542.961,126.92
543.061,106.55
543.162,77.61
543.261,105.50
543.361,99.55
543.461,80.94
543.561,123.92
543.661,82.31
543.760,81.48
543.861,116.53
543.962,106.21
544.061,123.13
544.161,138.61
544.261,144.71
544.361,98.99
544.462,94.81
544.561,81.48
544.661,107.20
544.762,91.16
544.861,114.12
544.961,130.79
545.059,57.08
545.161,136.66
545.261,91.16
545.361,127.65
545.460,107.20
545.561,79.53
545.661,159.66
545.761,117.66
545.861,81.76
545.960,153.97
546.060,120.19
546.160,127.65
546.260,67.66
546.360,126.92
546.460,89.63
546.560,105.16
546.660,59.31
546.759,70.70
546.860,83.75
546.960,129.58
547.060,115.91
547.160,92.11
547.260,114.80
547.360,149.74
547.460,65.98
547.560,89.63
547.660,49.26
547.760,131.53
547.860,80.40
547.960,121.40
548.060,95.78
548.160,84.65
548.260,114.12
548.360,70.21
548.460,134.66
548.560,70.21
548.660,144.79
548.760,59.31
548.860,64.46
548.960,93.24
549.060,140.65
549.163,128.85
549.260,80.94
549.360,83.75
549.460,136.59
549.563,88.12
549.659,67.18
549.760,114.80
549.860,107.85
549.960,157.53
550.060,60.47
550.160,118.35
550.260,110.18
550.360,116.60
550.460,95.78
550.559,143.50
550.660,132.68
550.759,167.24
550.859,112.35
550.959,130.72
551.059,117.66
551.159,162.76
551.259,171.88
551.360,107.92
551.460,69.41
551.562,149.82
551.659,93.30
551.759,162.76
551.859,98.93
551.960,107.85
552.059,84.31
552.159,107.20
552.260,123.20
552.359,110.66
552.459,68.93
552.559,90.21
552.659,75.39
552.759,57.51
552.858,119.75
552.959,143.50
553.060,74.10
553.159,69.41
553.259,131.46
553.359,106.14
553.459,162.76
553.559,79.53
553.659,118.35
553.759,50.64
553.859,143.50
553.959,103.88
554.059,125.74
554.159,146.81
554.259,113.02
554.359,133.43
554.459,101.19
554.559,107.85
554.659,115.85
554.759,120.19
554.859,100.56
554.959,105.50
555.059,151.81
555.159,153.97
555.259,131.46
555.359,100.56
555.459,107.20
555.558,96.39
555.659,138.12
555.759,96.39
555.859,106.14
555.959,85.21
556.059,136.11
556.159,137.35
556.259,165.03
556.359,102.84
556.459,149.74
556.559,79.53
556.659,90.80
556.759,146.31
556.859,129.58
556.958,127.65
557.059,80.88
557.158,113.02
557.259,63.25
557.359,117.23
557.459,115.49
557.558,148.42
557.659,153.15
557.758,88.12
557.858,125.74
557.961,164.17
558.058,73.28
558.158,87.20
558.258,122.04
558.358,116.60
558.458,166.37
558.558,102.84
558.658,93.24
558.757,88.70
558.858,111.32
558.958,106.14
559.058,114.80
559.158,97.99
559.258,102.21
559.358,89.63
559.458,123.13
559.558,160.52
559.658,158.29
559.757,170.99
559.858,127.65
559.958,176.52
560.058,106.14
560.158,166.37
560.258,168.67
560.358,95.78
560.458,125.02
560.558,112.35
560.658,153.15
560.758,160.52
560.858,125.09
560.958,145.58
561.058,143.91
561.158,148.12
561.258,144.71
561.358,171.80
561.458,181.25
561.558,161.91
561.658,115.85
561.756,175.62
561.858,138.61
561.958,159.66
562.058,142.71
562.158,168.67
562.258,170.99
562.358,152.32
562.458,132.68
562.558,126.92
562.658,133.90
562.758,182.75
562.858,167.33
562.958,119.42
563.058,153.97
563.158,142.63
563.258,111.68
563.358,134.66
563.458,72.77
563.557,186.15
563.658,121.33
563.758,136.66
563.858,125.02
563.958,119.49
564.057,142.63
564.157,83.75
564.257,115.91
564.357,118.42
564.456,114.12
564.557,110.59
564.657,127.65
564.756,81.76
564.857,125.02
564.957,78.13
565.057,188.63
565.158,161.91
565.260,113.09
565.357,125.74
565.457,128.85
565.557,98.38
565.661,114.19
565.757,126.99
565.857,134.66
565.957,86.12
566.056,87.55
566.160,107.20
566.257,91.75
566.357,97.00
566.457,61.65
566.557,129.58
566.657,92.70
566.757,58.21
566.857,68.14
566.957,102.84
567.057,78.71
567.157,58.17
567.257,101.25
567.357,112.35
567.457,97.38
567.557,119.49
567.657,114.12
567.756,182.75
567.857,78.13
567.957,173.34
568.057,140.65
568.157,134.66
568.257,103.24
568.357,104.85
568.457,148.85
568.557,126.19
568.657,134.66
568.757,136.66
568.857,126.19
568.957,157.44
569.057,119.49
569.157,131.53
569.257,98.93
569.357,134.66
569.457,151.07
569.560,134.66
569.659,155.33
569.757,123.20
569.857,100.56
569.957,114.12
570.057,89.63
570.157,125.02
570.257,92.65
570.357,88.18
570.457,149.66
570.557,76.76
570.657,165.82
570.756,109.58
570.857,141.43
570.956,125.09
571.057,74.10
571.156,75.96
571.256,162.76
571.357,104.45
571.456,174.24
571.556,162.76
571.656,161.91
571.757,109.99
571.857,130.05
571.957,89.06
572.057,123.20
572.157,148.93
572.257,108.92
572.357,111.26
572.456,107.20
572.556,109.58
572.656,78.13
572.756,140.65
572.857,119.49
572.956,94.21
573.056,115.91
573.157,146.81
573.256,114.12
573.356,142.63
573.456,138.61
573.555,153.15
573.656,147.61
573.755,131.93
573.856,123.13
573.956,141.43
574.059,68.93
574.156,178.92
574.256,127.65
574.356,120.19
574.456,144.71
574.556,94.21
574.656,73.32
574.756,153.97
574.856,169.55
574.957,126.92
575.056,140.65
575.156,97.38
575.256,86.69
575.356,149.74
575.456,125.09
575.556,100.56
575.656,148.93
575.756,85.77
575.856,121.33
575.956,126.92
576.056,89.63
576.157,135.42
576.256,128.85
576.356,126.19
576.456,120.19
576.559,82.91
576.656,72.00
576.754,150.56
576.856,123.20
576.956,115.91
577.056,102.21
577.155,89.63
577.256,102.21
577.356,114.12
577.456,78.13
577.556,77.28
577.656,104.52
577.755,69.41
577.856,128.46
577.956,107.20
578.056,96.39
578.156,74.10
578.256,102.84
578.359,87.25
578.455,64.00
578.556,80.06
578.656,84.31
578.756,101.19
578.856,119.49
578.956,74.10
579.059,102.84
579.158,77.28
579.259,120.89
579.358,142.71
579.455,116.60
579.556,115.91
579.656,107.20
579.756,94.21
579.856,99.61
579.956,112.35
580.055,150.99
580.159,125.09
580.255,147.61
580.355,142.71
580.455,123.20
580.555,161.91
580.656,161.05
580.755,151.89
580.855,125.74
580.955,138.61
581.056,92.65
581.155,127.58
581.255,141.43
581.355,79.53
581.455,114.80
581.556,122.04
581.655,110.18
581.755,127.65
581.855,64.93
581.955,133.43
582.056,55.96
582.155,111.93
582.255,130.33
582.355,72.00
582.455,75.96
582.555,116.60
582.655,106.21
582.758,74.10
582.854,75.44
582.958,75.96
583.054,86.69
583.154,102.21
583.255,89.63
583.355,117.66
583.455,75.44
583.555,76.76
583.655,75.44
583.755,114.80
583.855,140.65
583.955,71.01
584.055,62.79
584.155,64.46
584.255,117.72
584.355,85.21
584.455,76.81
584.555,59.31
584.653,82.91
584.753,127.65
584.855,62.10
584.958,78.66
585.056,94.81
585.158,64.00
585.257,68.14
585.358,103.81
585.458,92.70
585.558,88.75
585.656,86.12
585.755,75.44
585.857,135.49
585.957,125.02
586.057,117.72
586.156,186.15
586.257,131.93
586.357,118.42
586.457,146.81
586.557,157.44
586.657,136.66
586.757,153.15
586.857,106.14
586.957,149.74
587.057,158.29
587.158,72.77
587.257,77.80
587.357,207.44
587.457,167.33
587.557,185.21
587.657,161.91
587.757,171.88
587.857,121.33
587.957,178.92
588.057,93.30
588.157,164.95
588.258,160.52
588.357,145.51
588.457,124.64
588.557,117.23
588.658,184.62
588.756,159.22
588.857,137.43
588.957,129.58
589.057,114.80
589.157,117.66
589.257,127.65
589.354,156.08
589.455,136.18
589.554,84.86
589.657,132.21
589.754,131.46
589.854,153.97
589.955,82.86
590.054,122.04
590.155,136.11
590.258,120.96
590.357,129.12
590.457,128.39
590.557,108.51
590.657,170.44
590.757,172.69
590.857,120.89
590.957,196.99
591.058,168.12
591.157,96.01
591.257,183.20
591.357,160.52
591.457,159.14
591.557,159.14
591.657,154.81
591.756,157.84
591.857,163.63
591.957,143.00
592.057,89.85
592.158,110.84
592.257,109.17
592.357,134.87
592.457,138.12
592.557,164.49
592.657,105.74
592.757,199.05
592.857,109.76
592.957,179.27
593.057,154.29
593.157,136.88
593.254,138.90
593.355,91.32
593.455,138.90
593.555,99.17
593.654,186.50
593.757,151.30
593.857,138.90
593.957,145.01
594.057,110.84
594.157,111.93
594.257,152.63
594.356,92.87
594.457,121.60
594.557,74.80
594.657,101.43
594.755,152.20
594.857,127.86
594.956,114.38
595.057,78.86
595.156,49.75
595.257,192.96
595.357,101.43
595.457,110.84
595.556,83.96
595.656,104.06
595.757,76.95
595.856,107.38
595.956,131.07
596.056,117.92
596.157,69.60
596.257,153.02
596.356,84.52
596.456,109.83
596.556,125.29
596.656,119.75
596.756,104.06
596.856,140.94
596.956,116.17
597.056,126.01
597.156,67.84
597.256,124.12
597.356,109.83
597.456,135.71
597.556,74.29
597.656,69.60
597.754,83.06
597.856,127.93
597.957,83.06
598.056,107.04
598.156,154.29
598.256,107.45
598.356,83.96
598.456,82.52
598.556,125.29
598.656,136.95
598.756,96.01
598.856,102.45
598.956,96.01
599.056,110.84
599.156,105.10
599.256,132.96
599.356,116.86
599.456,116.11
599.556,112.60
599.656,98.22
599.756,112.60
599.856,132.96
599.956,67.84
600.055,174.49
600.155,116.11
600.256,107.04
600.356,59.92
600.455,147.11
600.556,99.17
600.656,152.12
600.755,165.36
600.855,171.33
600.955,152.63
601.055,136.11
601.155,111.51
601.254,135.71
601.356,148.42
601.456,197.97
601.555,131.00
601.656,123.40
601.755,135.63
601.856,125.29
601.955,185.56
602.055,228.43
602.152,142.21
602.253,157.00
602.353,139.38
602.453,110.18
602.553,110.91
602.653,97.55
602.753,132.96
602.854,111.58
602.953,98.17
603.053,97.61
603.154,143.00
603.253,105.74
603.353,150.13
603.453,136.88
603.553,113.70
603.653,78.33
603.751,125.29
603.858,150.56
603.953,117.23
604.052,100.17
604.153,160.07
604.253,95.41
604.356,199.57
604.455,120.19
604.555,129.58
604.654,129.58
604.755,102.84
604.853,101.19
604.953,127.65
605.052,84.31
605.152,69.90
605.255,68.62
605.355,72.46
605.455,125.29
605.554,165.91
605.652,144.29
605.755,143.42
605.852,92.34
605.952,68.93
606.051,138.20
606.155,60.92
606.253,107.85
606.355,96.33
606.452,10.07
606.555,10.84
606.654,13.35
606.754,12.13
606.854,10.84
606.955,10.33
607.055,9.30
607.155,9.30
607.256,9.64
607.356,6.52
607.455,5.92
607.555,5.92
607.655,5.92
607.758,5.92
607.859,5.92
607.965,5.92
608.057,6.52
608.158,6.52
608.259,5.92
608.365,5.92
608.464,5.92
608.564,6.68
608.664,6.79
608.764,6.79
608.864,7.33
608.965,6.79
609.064,6.52
609.164,5.92
609.264,5.92
609.365,5.92
609.465,5.92
609.565,5.67
609.665,5.13
609.765,5.13
609.865,5.13
609.965,5.13
610.065,5.13
610.165,5.13
610.265,5.13
610.366,5.13
610.461,5.13
610.561,5.21
610.661,5.13
610.761,5.13
610.861,5.13
610.961,5.13
611.061,5.13
611.161,5.13
611.262,5.13
611.361,5.13
611.461,5.13
611.561,5.13
611.661,5.13
611.762,5.13
611.862,5.13
611.961,5.13
612.062,5.13
612.162,5.13
612.262,5.21
612.362,5.67
612.462,5.21
612.562,5.21
612.662,5.13
612.762,5.13
612.863,5.67
612.962,5.92
613.061,5.92
613.163,5.92
613.263,5.92
613.363,5.92
613.463,5.92
613.563,5.92
613.664,5.92
613.763,5.92
613.863,5.92
613.963,5.92
614.063,5.92
614.163,5.58
614.263,5.58
614.364,5.67
614.464,5.13
614.563,5.13
614.669,5.13
614.764,5.04
614.865,5.04
614.966,5.04
615.065,4.82
615.164,4.82
615.266,4.82
615.365,5.04
615.466,5.04
615.566,5.04
615.666,5.04
615.763,5.04
